"abstain","date","kind","no","notParticipating","sitting","sittingDay","term","title","topic","totalVoted","votes.MP","votes.club","votes.firstName","votes.lastName","votes.secondName","votes.vote","votingNumber","yes"
1,"2024-04-10T11:25:33","ELECTRONIC",338,85,9,1,10,"9. posiedzenie Sejmu RP w dniach 10, 11 i 12 kwietnia 2024 r.","Wniosek o przerwę",373,1,"PiS","Andrzej","Adamczyk","Mieczysław","ABSENT",1,34
1,"2024-04-10T11:25:33","ELECTRONIC",338,85,9,1,10,"9. posiedzenie Sejmu RP w dniach 10, 11 i 12 kwietnia 2024 r.","Wniosek o przerwę",373,2,"KO","Piotr","Adamowicz",NA,"NO",1,34
1,"2024-04-10T11:25:33","ELECTRONIC",338,85,9,1,10,"9. posiedzenie Sejmu RP w dniach 10, 11 i 12 kwietnia 2024 r.","Wniosek o przerwę",373,3,"PiS","Adam","Andruszkiewicz",NA,"NO",1,34
1,"2024-04-10T11:25:33","ELECTRONIC",338,85,9,1,10,"9. posiedzenie Sejmu RP w dniach 10, 11 i 12 kwietnia 2024 r.","Wniosek o przerwę",373,4,"PiS","Waldemar","Andzel","Franciszek","NO",1,34
1,"2024-04-10T11:25:33","ELECTRONIC",338,85,9,1,10,"9. posiedzenie Sejmu RP w dniach 10, 11 i 12 kwietnia 2024 r.","Wniosek o przerwę",373,5,"PiS","Dorota","Arciszewska-Mielewczyk","Irvina","NO",1,34
1,"2024-04-10T11:25:33","ELECTRONIC",338,85,9,1,10,"9. posiedzenie Sejmu RP w dniach 10, 11 i 12 kwietnia 2024 r.","Wniosek o przerwę",373,6,"PiS","Jan","Ardanowski","Krzysztof","NO",1,34
1,"2024-04-10T11:25:33","ELECTRONIC",338,85,9,1,10,"9. posiedzenie Sejmu RP w dniach 10, 11 i 12 kwietnia 2024 r.","Wniosek o przerwę",373,7,"PiS","Iwona","Arent","Ewa","ABSENT",1,34
1,"2024-04-10T11:25:33","ELECTRONIC",338,85,9,1,10,"9. posiedzenie Sejmu RP w dniach 10, 11 i 12 kwietnia 2024 r.","Wniosek o przerwę",373,8,"KO","Bartosz","Arłukowicz","Adam","NO",1,34
1,"2024-04-10T11:25:33","ELECTRONIC",338,85,9,1,10,"9. posiedzenie Sejmu RP w dniach 10, 11 i 12 kwietnia 2024 r.","Wniosek o przerwę",373,9,"PiS","Marek","Ast",NA,"NO",1,34
1,"2024-04-10T11:25:33","ELECTRONIC",338,85,9,1,10,"9. posiedzenie Sejmu RP w dniach 10, 11 i 12 kwietnia 2024 r.","Wniosek o przerwę",373,10,"KO","Urszula","Augustyn",NA,"NO",1,34
1,"2024-04-10T11:25:33","ELECTRONIC",338,85,9,1,10,"9. posiedzenie Sejmu RP w dniach 10, 11 i 12 kwietnia 2024 r.","Wniosek o przerwę",373,11,"PiS","Piotr","Babinetz","Mieczysław","ABSENT",1,34
1,"2024-04-10T11:25:33","ELECTRONIC",338,85,9,1,10,"9. posiedzenie Sejmu RP w dniach 10, 11 i 12 kwietnia 2024 r.","Wniosek o przerwę",373,12,"PiS","Ryszard","Bartosik",NA,"ABSENT",1,34
1,"2024-04-10T11:25:33","ELECTRONIC",338,85,9,1,10,"9. posiedzenie Sejmu RP w dniach 10, 11 i 12 kwietnia 2024 r.","Wniosek o przerwę",373,13,"PSL-TD","Władysław","Bartoszewski","Teofil","NO",1,34
1,"2024-04-10T11:25:33","ELECTRONIC",338,85,9,1,10,"9. posiedzenie Sejmu RP w dniach 10, 11 i 12 kwietnia 2024 r.","Wniosek o przerwę",373,14,"PiS","Barbara","Bartuś","Halina","NO",1,34
1,"2024-04-10T11:25:33","ELECTRONIC",338,85,9,1,10,"9. posiedzenie Sejmu RP w dniach 10, 11 i 12 kwietnia 2024 r.","Wniosek o przerwę",373,15,"PSL-TD","Paweł","Bejda","Jan","NO",1,34
1,"2024-04-10T11:25:33","ELECTRONIC",338,85,9,1,10,"9. posiedzenie Sejmu RP w dniach 10, 11 i 12 kwietnia 2024 r.","Wniosek o przerwę",373,16,"Konfederacja","Konrad","Berkowicz","Szczepan","ABSENT",1,34
1,"2024-04-10T11:25:33","ELECTRONIC",338,85,9,1,10,"9. posiedzenie Sejmu RP w dniach 10, 11 i 12 kwietnia 2024 r.","Wniosek o przerwę",373,17,"KO","Sylwia","Bielawska","Alina","NO",1,34
1,"2024-04-10T11:25:33","ELECTRONIC",338,85,9,1,10,"9. posiedzenie Sejmu RP w dniach 10, 11 i 12 kwietnia 2024 r.","Wniosek o przerwę",373,18,"PSL-TD","Marek","Biernacki",NA,"NO",1,34
1,"2024-04-10T11:25:33","ELECTRONIC",338,85,9,1,10,"9. posiedzenie Sejmu RP w dniach 10, 11 i 12 kwietnia 2024 r.","Wniosek o przerwę",373,19,"KO","Paweł","Bliźniuk","Kazimierz","NO",1,34
1,"2024-04-10T11:25:33","ELECTRONIC",338,85,9,1,10,"9. posiedzenie Sejmu RP w dniach 10, 11 i 12 kwietnia 2024 r.","Wniosek o przerwę",373,20,"PiS","Mariusz","Błaszczak",NA,"ABSENT",1,34
1,"2024-04-10T11:25:33","ELECTRONIC",338,85,9,1,10,"9. posiedzenie Sejmu RP w dniach 10, 11 i 12 kwietnia 2024 r.","Wniosek o przerwę",373,21,"KO","Mateusz","Bochenek",NA,"NO",1,34
1,"2024-04-10T11:25:33","ELECTRONIC",338,85,9,1,10,"9. posiedzenie Sejmu RP w dniach 10, 11 i 12 kwietnia 2024 r.","Wniosek o przerwę",373,22,"PiS","Rafał","Bochenek","Paweł","NO",1,34
1,"2024-04-10T11:25:33","ELECTRONIC",338,85,9,1,10,"9. posiedzenie Sejmu RP w dniach 10, 11 i 12 kwietnia 2024 r.","Wniosek o przerwę",373,23,"Polska2050-TD","Izabela","Bodnar","Anna","ABSENT",1,34
1,"2024-04-10T11:25:33","ELECTRONIC",338,85,9,1,10,"9. posiedzenie Sejmu RP w dniach 10, 11 i 12 kwietnia 2024 r.","Wniosek o przerwę",373,24,"PiS","Jacek","Bogucki",NA,"YES",1,34
1,"2024-04-10T11:25:33","ELECTRONIC",338,85,9,1,10,"9. posiedzenie Sejmu RP w dniach 10, 11 i 12 kwietnia 2024 r.","Wniosek o przerwę",373,25,"PiS","Zbigniew","Bogucki",NA,"NO",1,34
1,"2024-04-10T11:25:33","ELECTRONIC",338,85,9,1,10,"9. posiedzenie Sejmu RP w dniach 10, 11 i 12 kwietnia 2024 r.","Wniosek o przerwę",373,26,"KO","Krzysztof","Bojarski",NA,"NO",1,34
1,"2024-04-10T11:25:33","ELECTRONIC",338,85,9,1,10,"9. posiedzenie Sejmu RP w dniach 10, 11 i 12 kwietnia 2024 r.","Wniosek o przerwę",373,27,"PiS","Joanna","Borowiak","Beata","NO",1,34
1,"2024-04-10T11:25:33","ELECTRONIC",338,85,9,1,10,"9. posiedzenie Sejmu RP w dniach 10, 11 i 12 kwietnia 2024 r.","Wniosek o przerwę",373,28,"PiS","Kamil","Bortniczuk",NA,"ABSENT",1,34
1,"2024-04-10T11:25:33","ELECTRONIC",338,85,9,1,10,"9. posiedzenie Sejmu RP w dniach 10, 11 i 12 kwietnia 2024 r.","Wniosek o przerwę",373,29,"KO","Piotr","Borys",NA,"NO",1,34
1,"2024-04-10T11:25:33","ELECTRONIC",338,85,9,1,10,"9. posiedzenie Sejmu RP w dniach 10, 11 i 12 kwietnia 2024 r.","Wniosek o przerwę",373,30,"PiS","Bożena","Borys-Szopa","Teresa","NO",1,34
1,"2024-04-10T11:25:33","ELECTRONIC",338,85,9,1,10,"9. posiedzenie Sejmu RP w dniach 10, 11 i 12 kwietnia 2024 r.","Wniosek o przerwę",373,31,"KO","Marcin","Bosacki","Rafał","NO",1,34
1,"2024-04-10T11:25:33","ELECTRONIC",338,85,9,1,10,"9. posiedzenie Sejmu RP w dniach 10, 11 i 12 kwietnia 2024 r.","Wniosek o przerwę",373,32,"Konfederacja","Karina","Bosak","Anna","ABSENT",1,34
1,"2024-04-10T11:25:33","ELECTRONIC",338,85,9,1,10,"9. posiedzenie Sejmu RP w dniach 10, 11 i 12 kwietnia 2024 r.","Wniosek o przerwę",373,33,"Konfederacja","Krzysztof","Bosak",NA,"YES",1,34
1,"2024-04-10T11:25:33","ELECTRONIC",338,85,9,1,10,"9. posiedzenie Sejmu RP w dniach 10, 11 i 12 kwietnia 2024 r.","Wniosek o przerwę",373,34,"Konfederacja","Grzegorz","Braun","Michał","YES",1,34
1,"2024-04-10T11:25:33","ELECTRONIC",338,85,9,1,10,"9. posiedzenie Sejmu RP w dniach 10, 11 i 12 kwietnia 2024 r.","Wniosek o przerwę",373,36,"Polska2050-TD","Agnieszka","Buczyńska","MARIA","NO",1,34
1,"2024-04-10T11:25:33","ELECTRONIC",338,85,9,1,10,"9. posiedzenie Sejmu RP w dniach 10, 11 i 12 kwietnia 2024 r.","Wniosek o przerwę",373,37,"PiS","Waldemar","Buda","Grzegorz","ABSENT",1,34
1,"2024-04-10T11:25:33","ELECTRONIC",338,85,9,1,10,"9. posiedzenie Sejmu RP w dniach 10, 11 i 12 kwietnia 2024 r.","Wniosek o przerwę",373,38,"KO","Borys","Budka","Piotr","ABSENT",1,34
1,"2024-04-10T11:25:33","ELECTRONIC",338,85,9,1,10,"9. posiedzenie Sejmu RP w dniach 10, 11 i 12 kwietnia 2024 r.","Wniosek o przerwę",373,39,"Polska2050-TD","Elżbieta","Burkiewicz","Jolanta","NO",1,34
1,"2024-04-10T11:25:33","ELECTRONIC",338,85,9,1,10,"9. posiedzenie Sejmu RP w dniach 10, 11 i 12 kwietnia 2024 r.","Wniosek o przerwę",373,40,"PiS","Lidia","Burzyńska","Ewa","NO",1,34
1,"2024-04-10T11:25:33","ELECTRONIC",338,85,9,1,10,"9. posiedzenie Sejmu RP w dniach 10, 11 i 12 kwietnia 2024 r.","Wniosek o przerwę",373,41,"KO","Marek","Chmielewski","Jan","NO",1,34
1,"2024-04-10T11:25:33","ELECTRONIC",338,85,9,1,10,"9. posiedzenie Sejmu RP w dniach 10, 11 i 12 kwietnia 2024 r.","Wniosek o przerwę",373,42,"PiS","Zbigniew","Chmielowiec","Michał","NO",1,34
1,"2024-04-10T11:25:33","ELECTRONIC",338,85,9,1,10,"9. posiedzenie Sejmu RP w dniach 10, 11 i 12 kwietnia 2024 r.","Wniosek o przerwę",373,43,"PiS","Artur","Chojecki","Henryk","NO",1,34
1,"2024-04-10T11:25:33","ELECTRONIC",338,85,9,1,10,"9. posiedzenie Sejmu RP w dniach 10, 11 i 12 kwietnia 2024 r.","Wniosek o przerwę",373,44,"PiS","Kazimierz","Choma","Bogusław","YES",1,34
1,"2024-04-10T11:25:33","ELECTRONIC",338,85,9,1,10,"9. posiedzenie Sejmu RP w dniach 10, 11 i 12 kwietnia 2024 r.","Wniosek o przerwę",373,45,"PiS","Dominika","Chorosińska","Małgorzata","NO",1,34
1,"2024-04-10T11:25:33","ELECTRONIC",338,85,9,1,10,"9. posiedzenie Sejmu RP w dniach 10, 11 i 12 kwietnia 2024 r.","Wniosek o przerwę",373,46,"PiS","Tadeusz","Chrzan",NA,"NO",1,34
1,"2024-04-10T11:25:33","ELECTRONIC",338,85,9,1,10,"9. posiedzenie Sejmu RP w dniach 10, 11 i 12 kwietnia 2024 r.","Wniosek o przerwę",373,47,"KO","Alicja","Chybicka","Paulina","NO",1,34
1,"2024-04-10T11:25:33","ELECTRONIC",338,85,9,1,10,"9. posiedzenie Sejmu RP w dniach 10, 11 i 12 kwietnia 2024 r.","Wniosek o przerwę",373,48,"PiS","Anna","Cicholska","Ewa","NO",1,34
1,"2024-04-10T11:25:33","ELECTRONIC",338,85,9,1,10,"9. posiedzenie Sejmu RP w dniach 10, 11 i 12 kwietnia 2024 r.","Wniosek o przerwę",373,49,"KO","Janusz","Cichoń","Władysław","ABSENT",1,34
1,"2024-04-10T11:25:33","ELECTRONIC",338,85,9,1,10,"9. posiedzenie Sejmu RP w dniach 10, 11 i 12 kwietnia 2024 r.","Wniosek o przerwę",373,50,"PiS","Krzysztof","Ciecióra","Jan","YES",1,34
1,"2024-04-10T11:25:33","ELECTRONIC",338,85,9,1,10,"9. posiedzenie Sejmu RP w dniach 10, 11 i 12 kwietnia 2024 r.","Wniosek o przerwę",373,51,"PiS","Janusz","Cieszyński","Antoni","ABSENT",1,34
1,"2024-04-10T11:25:33","ELECTRONIC",338,85,9,1,10,"9. posiedzenie Sejmu RP w dniach 10, 11 i 12 kwietnia 2024 r.","Wniosek o przerwę",373,52,"PiS","Michał","Cieślak",NA,"ABSENT",1,34
1,"2024-04-10T11:25:33","ELECTRONIC",338,85,9,1,10,"9. posiedzenie Sejmu RP w dniach 10, 11 i 12 kwietnia 2024 r.","Wniosek o przerwę",373,53,"Polska2050-TD","Żaneta","Cwalina-Śliwowska",NA,"NO",1,34
1,"2024-04-10T11:25:33","ELECTRONIC",338,85,9,1,10,"9. posiedzenie Sejmu RP w dniach 10, 11 i 12 kwietnia 2024 r.","Wniosek o przerwę",373,54,"PiS","Krzysztof","Czarnecki","Władysław","NO",1,34
1,"2024-04-10T11:25:33","ELECTRONIC",338,85,9,1,10,"9. posiedzenie Sejmu RP w dniach 10, 11 i 12 kwietnia 2024 r.","Wniosek o przerwę",373,55,"PiS","Witold","Czarnecki","Wojciech","ABSENT",1,34
1,"2024-04-10T11:25:33","ELECTRONIC",338,85,9,1,10,"9. posiedzenie Sejmu RP w dniach 10, 11 i 12 kwietnia 2024 r.","Wniosek o przerwę",373,56,"PiS","Przemysław","Czarnek",NA,"ABSENT",1,34
1,"2024-04-10T11:25:33","ELECTRONIC",338,85,9,1,10,"9. posiedzenie Sejmu RP w dniach 10, 11 i 12 kwietnia 2024 r.","Wniosek o przerwę",373,57,"PiS","Arkadiusz","Czartoryski",NA,"NO",1,34
1,"2024-04-10T11:25:33","ELECTRONIC",338,85,9,1,10,"9. posiedzenie Sejmu RP w dniach 10, 11 i 12 kwietnia 2024 r.","Wniosek o przerwę",373,58,"Lewica","Włodzimierz","Czarzasty",NA,"NO",1,34
1,"2024-04-10T11:25:33","ELECTRONIC",338,85,9,1,10,"9. posiedzenie Sejmu RP w dniach 10, 11 i 12 kwietnia 2024 r.","Wniosek o przerwę",373,59,"Lewica","Jacek","Czerniak","Andrzej","NO",1,34
1,"2024-04-10T11:25:33","ELECTRONIC",338,85,9,1,10,"9. posiedzenie Sejmu RP w dniach 10, 11 i 12 kwietnia 2024 r.","Wniosek o przerwę",373,60,"KO","Zofia","Czernow",NA,"NO",1,34
1,"2024-04-10T11:25:33","ELECTRONIC",338,85,9,1,10,"9. posiedzenie Sejmu RP w dniach 10, 11 i 12 kwietnia 2024 r.","Wniosek o przerwę",373,61,"PiS","Anita","Czerwińska",NA,"NO",1,34
1,"2024-04-10T11:25:33","ELECTRONIC",338,85,9,1,10,"9. posiedzenie Sejmu RP w dniach 10, 11 i 12 kwietnia 2024 r.","Wniosek o przerwę",373,62,"PiS","Katarzyna","Czochara","Beata","ABSENT",1,34
1,"2024-04-10T11:25:33","ELECTRONIC",338,85,9,1,10,"9. posiedzenie Sejmu RP w dniach 10, 11 i 12 kwietnia 2024 r.","Wniosek o przerwę",373,63,"Polska2050-TD","Sławomir","Ćwik",NA,"NO",1,34
1,"2024-04-10T11:25:33","ELECTRONIC",338,85,9,1,10,"9. posiedzenie Sejmu RP w dniach 10, 11 i 12 kwietnia 2024 r.","Wniosek o przerwę",373,64,"PiS","Władysław","Dajczak",NA,"ABSENT",1,34
1,"2024-04-10T11:25:33","ELECTRONIC",338,85,9,1,10,"9. posiedzenie Sejmu RP w dniach 10, 11 i 12 kwietnia 2024 r.","Wniosek o przerwę",373,65,"PiS","Anna","Dąbrowska-Banaszek",NA,"NO",1,34
1,"2024-04-10T11:25:33","ELECTRONIC",338,85,9,1,10,"9. posiedzenie Sejmu RP w dniach 10, 11 i 12 kwietnia 2024 r.","Wniosek o przerwę",373,66,"PiS","Zbigniew","Dolata",NA,"NO",1,34
1,"2024-04-10T11:25:33","ELECTRONIC",338,85,9,1,10,"9. posiedzenie Sejmu RP w dniach 10, 11 i 12 kwietnia 2024 r.","Wniosek o przerwę",373,67,"KO","Barbara","Dolniak",NA,"NO",1,34
1,"2024-04-10T11:25:33","ELECTRONIC",338,85,9,1,10,"9. posiedzenie Sejmu RP w dniach 10, 11 i 12 kwietnia 2024 r.","Wniosek o przerwę",373,68,"KO","Andrzej","Domański","Jan","ABSENT",1,34
1,"2024-04-10T11:25:33","ELECTRONIC",338,85,9,1,10,"9. posiedzenie Sejmu RP w dniach 10, 11 i 12 kwietnia 2024 r.","Wniosek o przerwę",373,69,"PiS","Bartłomiej","Dorywalski",NA,"YES",1,34
1,"2024-04-10T11:25:33","ELECTRONIC",338,85,9,1,10,"9. posiedzenie Sejmu RP w dniach 10, 11 i 12 kwietnia 2024 r.","Wniosek o przerwę",373,70,"KO","Robert","Dowhan",NA,"NO",1,34
1,"2024-04-10T11:25:33","ELECTRONIC",338,85,9,1,10,"9. posiedzenie Sejmu RP w dniach 10, 11 i 12 kwietnia 2024 r.","Wniosek o przerwę",373,71,"PiS","Przemysław","Drabek","Mieczysław","NO",1,34
1,"2024-04-10T11:25:33","ELECTRONIC",338,85,9,1,10,"9. posiedzenie Sejmu RP w dniach 10, 11 i 12 kwietnia 2024 r.","Wniosek o przerwę",373,72,"PiS","Elżbieta","Duda",NA,"ABSENT",1,34
1,"2024-04-10T11:25:33","ELECTRONIC",338,85,9,1,10,"9. posiedzenie Sejmu RP w dniach 10, 11 i 12 kwietnia 2024 r.","Wniosek o przerwę",373,73,"PiS","Michał","Dworczyk","Paweł","ABSENT",1,34
1,"2024-04-10T11:25:33","ELECTRONIC",338,85,9,1,10,"9. posiedzenie Sejmu RP w dniach 10, 11 i 12 kwietnia 2024 r.","Wniosek o przerwę",373,74,"PSL-TD","Adam","Dziedzic",NA,"NO",1,34
1,"2024-04-10T11:25:33","ELECTRONIC",338,85,9,1,10,"9. posiedzenie Sejmu RP w dniach 10, 11 i 12 kwietnia 2024 r.","Wniosek o przerwę",373,75,"PiS","Jan","Dziedziczak","Michał","ABSENT",1,34
1,"2024-04-10T11:25:33","ELECTRONIC",338,85,9,1,10,"9. posiedzenie Sejmu RP w dniach 10, 11 i 12 kwietnia 2024 r.","Wniosek o przerwę",373,76,"Lewica","Agnieszka","Dziemianowicz-Bąk","Ewa","NO",1,34
1,"2024-04-10T11:25:33","ELECTRONIC",338,85,9,1,10,"9. posiedzenie Sejmu RP w dniach 10, 11 i 12 kwietnia 2024 r.","Wniosek o przerwę",373,77,"KO","Magdalena","Filiks",NA,"ABSENT",1,34
1,"2024-04-10T11:25:33","ELECTRONIC",338,85,9,1,10,"9. posiedzenie Sejmu RP w dniach 10, 11 i 12 kwietnia 2024 r.","Wniosek o przerwę",373,78,"PiS","Magdalena","Filipek-Sobczak",NA,"ABSENT",1,34
1,"2024-04-10T11:25:33","ELECTRONIC",338,85,9,1,10,"9. posiedzenie Sejmu RP w dniach 10, 11 i 12 kwietnia 2024 r.","Wniosek o przerwę",373,79,"PiS","Radosław","Fogiel","Aleksander","NO",1,34
1,"2024-04-10T11:25:33","ELECTRONIC",338,85,9,1,10,"9. posiedzenie Sejmu RP w dniach 10, 11 i 12 kwietnia 2024 r.","Wniosek o przerwę",373,80,"Konfederacja","Bronisław","Foltyn","Edward","YES",1,34
1,"2024-04-10T11:25:33","ELECTRONIC",338,85,9,1,10,"9. posiedzenie Sejmu RP w dniach 10, 11 i 12 kwietnia 2024 r.","Wniosek o przerwę",373,81,"Konfederacja","Roman","Fritz","Henryk","YES",1,34
1,"2024-04-10T11:25:33","ELECTRONIC",338,85,9,1,10,"9. posiedzenie Sejmu RP w dniach 10, 11 i 12 kwietnia 2024 r.","Wniosek o przerwę",373,82,"KO","Joanna","Frydrych","Zofia","NO",1,34
1,"2024-04-10T11:25:33","ELECTRONIC",338,85,9,1,10,"9. posiedzenie Sejmu RP w dniach 10, 11 i 12 kwietnia 2024 r.","Wniosek o przerwę",373,83,"KO","Konrad","Frysztak",NA,"NO",1,34
1,"2024-04-10T11:25:33","ELECTRONIC",338,85,9,1,10,"9. posiedzenie Sejmu RP w dniach 10, 11 i 12 kwietnia 2024 r.","Wniosek o przerwę",373,84,"KO","Patryk","Gabriel",NA,"NO",1,34
1,"2024-04-10T11:25:33","ELECTRONIC",338,85,9,1,10,"9. posiedzenie Sejmu RP w dniach 10, 11 i 12 kwietnia 2024 r.","Wniosek o przerwę",373,85,"KO","Krzysztof","Gadowski","Jan","NO",1,34
1,"2024-04-10T11:25:33","ELECTRONIC",338,85,9,1,10,"9. posiedzenie Sejmu RP w dniach 10, 11 i 12 kwietnia 2024 r.","Wniosek o przerwę",373,86,"KO","Aleksandra","Gajewska","Małgorzata","NO",1,34
1,"2024-04-10T11:25:33","ELECTRONIC",338,85,9,1,10,"9. posiedzenie Sejmu RP w dniach 10, 11 i 12 kwietnia 2024 r.","Wniosek o przerwę",373,87,"KO","Kinga","Gajewska","Magdalena","NO",1,34
1,"2024-04-10T11:25:33","ELECTRONIC",338,85,9,1,10,"9. posiedzenie Sejmu RP w dniach 10, 11 i 12 kwietnia 2024 r.","Wniosek o przerwę",373,88,"KO","Elżbieta","Gapińska","Teresa","NO",1,34
1,"2024-04-10T11:25:33","ELECTRONIC",338,85,9,1,10,"9. posiedzenie Sejmu RP w dniach 10, 11 i 12 kwietnia 2024 r.","Wniosek o przerwę",373,89,"KO","Kamila","Gasiuk-Pihowicz",NA,"NO",1,34
1,"2024-04-10T11:25:33","ELECTRONIC",338,85,9,1,10,"9. posiedzenie Sejmu RP w dniach 10, 11 i 12 kwietnia 2024 r.","Wniosek o przerwę",373,90,"Lewica","Krzysztof","Gawkowski","Kamil","NO",1,34
1,"2024-04-10T11:25:33","ELECTRONIC",338,85,9,1,10,"9. posiedzenie Sejmu RP w dniach 10, 11 i 12 kwietnia 2024 r.","Wniosek o przerwę",373,91,"KO","Zdzisław","Gawlik",NA,"NO",1,34
1,"2024-04-10T11:25:33","ELECTRONIC",338,85,9,1,10,"9. posiedzenie Sejmu RP w dniach 10, 11 i 12 kwietnia 2024 r.","Wniosek o przerwę",373,92,"PiS","Andrzej","Gawron","Janusz","NO",1,34
1,"2024-04-10T11:25:33","ELECTRONIC",338,85,9,1,10,"9. posiedzenie Sejmu RP w dniach 10, 11 i 12 kwietnia 2024 r.","Wniosek o przerwę",373,93,"PiS","Grzegorz","Gaża","Krzysztof","NO",1,34
1,"2024-04-10T11:25:33","ELECTRONIC",338,85,9,1,10,"9. posiedzenie Sejmu RP w dniach 10, 11 i 12 kwietnia 2024 r.","Wniosek o przerwę",373,94,"KO","Elżbieta","Gelert","Kazimiera","NO",1,34
1,"2024-04-10T11:25:33","ELECTRONIC",338,85,9,1,10,"9. posiedzenie Sejmu RP w dniach 10, 11 i 12 kwietnia 2024 r.","Wniosek o przerwę",373,95,"PiS","Anna","Gembicka","Urszula","NO",1,34
1,"2024-04-10T11:25:33","ELECTRONIC",338,85,9,1,10,"9. posiedzenie Sejmu RP w dniach 10, 11 i 12 kwietnia 2024 r.","Wniosek o przerwę",373,96,"KO","Artur","Gierada","Daniel","NO",1,34
1,"2024-04-10T11:25:33","ELECTRONIC",338,85,9,1,10,"9. posiedzenie Sejmu RP w dniach 10, 11 i 12 kwietnia 2024 r.","Wniosek o przerwę",373,97,"KO","Roman","Giertych","Jacek","NO",1,34
1,"2024-04-10T11:25:33","ELECTRONIC",338,85,9,1,10,"9. posiedzenie Sejmu RP w dniach 10, 11 i 12 kwietnia 2024 r.","Wniosek o przerwę",373,98,"KO","Włodzisław","Giziński",NA,"NO",1,34
1,"2024-04-10T11:25:33","ELECTRONIC",338,85,9,1,10,"9. posiedzenie Sejmu RP w dniach 10, 11 i 12 kwietnia 2024 r.","Wniosek o przerwę",373,99,"PiS","Szymon","Giżyński","Stanisław","YES",1,34
1,"2024-04-10T11:25:33","ELECTRONIC",338,85,9,1,10,"9. posiedzenie Sejmu RP w dniach 10, 11 i 12 kwietnia 2024 r.","Wniosek o przerwę",373,100,"PiS","Piotr","Gliński","Tadeusz","ABSENT",1,34
1,"2024-04-10T11:25:33","ELECTRONIC",338,85,9,1,10,"9. posiedzenie Sejmu RP w dniach 10, 11 i 12 kwietnia 2024 r.","Wniosek o przerwę",373,101,"KO","Tomasz","Głogowski","Marian","NO",1,34
1,"2024-04-10T11:25:33","ELECTRONIC",338,85,9,1,10,"9. posiedzenie Sejmu RP w dniach 10, 11 i 12 kwietnia 2024 r.","Wniosek o przerwę",373,102,"KO","Piotr","Głowski","Krzysztof","NO",1,34
1,"2024-04-10T11:25:33","ELECTRONIC",338,85,9,1,10,"9. posiedzenie Sejmu RP w dniach 10, 11 i 12 kwietnia 2024 r.","Wniosek o przerwę",373,103,"KO","Marta","Golbik","Joanna","NO",1,34
1,"2024-04-10T11:25:33","ELECTRONIC",338,85,9,1,10,"9. posiedzenie Sejmu RP w dniach 10, 11 i 12 kwietnia 2024 r.","Wniosek o przerwę",373,104,"PiS","Małgorzata","Golińska","Joanna","NO",1,34
1,"2024-04-10T11:25:33","ELECTRONIC",338,85,9,1,10,"9. posiedzenie Sejmu RP w dniach 10, 11 i 12 kwietnia 2024 r.","Wniosek o przerwę",373,105,"PiS","Kazimierz","Gołojuch","Edward","NO",1,34
1,"2024-04-10T11:25:33","ELECTRONIC",338,85,9,1,10,"9. posiedzenie Sejmu RP w dniach 10, 11 i 12 kwietnia 2024 r.","Wniosek o przerwę",373,106,"niez.","Adam","Gomoła","Michał","ABSENT",1,34
1,"2024-04-10T11:25:33","ELECTRONIC",338,85,9,1,10,"9. posiedzenie Sejmu RP w dniach 10, 11 i 12 kwietnia 2024 r.","Wniosek o przerwę",373,107,"PiS","Robert","Gontarz",NA,"NO",1,34
1,"2024-04-10T11:25:33","ELECTRONIC",338,85,9,1,10,"9. posiedzenie Sejmu RP w dniach 10, 11 i 12 kwietnia 2024 r.","Wniosek o przerwę",373,108,"KO","Stanisław","Gorczyca","Andrzej","NO",1,34
1,"2024-04-10T11:25:33","ELECTRONIC",338,85,9,1,10,"9. posiedzenie Sejmu RP w dniach 10, 11 i 12 kwietnia 2024 r.","Wniosek o przerwę",373,109,"PiS","Mariusz","Gosek","Marek","YES",1,34
1,"2024-04-10T11:25:33","ELECTRONIC",338,85,9,1,10,"9. posiedzenie Sejmu RP w dniach 10, 11 i 12 kwietnia 2024 r.","Wniosek o przerwę",373,110,"Lewica","Daria","Gosek-Popiołek","Iwona","NO",1,34
1,"2024-04-10T11:25:33","ELECTRONIC",338,85,9,1,10,"9. posiedzenie Sejmu RP w dniach 10, 11 i 12 kwietnia 2024 r.","Wniosek o przerwę",373,111,"PiS","Małgorzata","Gosiewska","Maria","NO",1,34
1,"2024-04-10T11:25:33","ELECTRONIC",338,85,9,1,10,"9. posiedzenie Sejmu RP w dniach 10, 11 i 12 kwietnia 2024 r.","Wniosek o przerwę",373,112,"Polska2050-TD","Piotr","Górnikiewicz","Tadeusz","NO",1,34
1,"2024-04-10T11:25:33","ELECTRONIC",338,85,9,1,10,"9. posiedzenie Sejmu RP w dniach 10, 11 i 12 kwietnia 2024 r.","Wniosek o przerwę",373,113,"PiS","Agnieszka","Górska","Beata","ABSENT",1,34
1,"2024-04-10T11:25:33","ELECTRONIC",338,85,9,1,10,"9. posiedzenie Sejmu RP w dniach 10, 11 i 12 kwietnia 2024 r.","Wniosek o przerwę",373,114,"KO","Krzysztof","Grabczuk",NA,"NO",1,34
1,"2024-04-10T11:25:33","ELECTRONIC",338,85,9,1,10,"9. posiedzenie Sejmu RP w dniach 10, 11 i 12 kwietnia 2024 r.","Wniosek o przerwę",373,115,"KO","Jan","Grabiec","Stanisław","ABSENT",1,34
1,"2024-04-10T11:25:33","ELECTRONIC",338,85,9,1,10,"9. posiedzenie Sejmu RP w dniach 10, 11 i 12 kwietnia 2024 r.","Wniosek o przerwę",373,116,"PiS","Marcin","Grabowski",NA,"NO",1,34
1,"2024-04-10T11:25:33","ELECTRONIC",338,85,9,1,10,"9. posiedzenie Sejmu RP w dniach 10, 11 i 12 kwietnia 2024 r.","Wniosek o przerwę",373,117,"Polska2050-TD","Michał","Gramatyka","Sebastian","NO",1,34
1,"2024-04-10T11:25:33","ELECTRONIC",338,85,9,1,10,"9. posiedzenie Sejmu RP w dniach 10, 11 i 12 kwietnia 2024 r.","Wniosek o przerwę",373,118,"KO","Małgorzata","Gromadzka",NA,"NO",1,34
1,"2024-04-10T11:25:33","ELECTRONIC",338,85,9,1,10,"9. posiedzenie Sejmu RP w dniach 10, 11 i 12 kwietnia 2024 r.","Wniosek o przerwę",373,119,"PiS","Marek","Gróbarczyk",NA,"ABSENT",1,34
1,"2024-04-10T11:25:33","ELECTRONIC",338,85,9,1,10,"9. posiedzenie Sejmu RP w dniach 10, 11 i 12 kwietnia 2024 r.","Wniosek o przerwę",373,120,"PSL-TD","Andrzej","Grzyb","Marian","NO",1,34
1,"2024-04-10T11:25:33","ELECTRONIC",338,85,9,1,10,"9. posiedzenie Sejmu RP w dniach 10, 11 i 12 kwietnia 2024 r.","Wniosek o przerwę",373,121,"PiS","Andrzej","Gut-Mostowy",NA,"ABSENT",1,34
1,"2024-04-10T11:25:33","ELECTRONIC",338,85,9,1,10,"9. posiedzenie Sejmu RP w dniach 10, 11 i 12 kwietnia 2024 r.","Wniosek o przerwę",373,122,"PiS","Kazimierz","Gwiazdowski",NA,"NO",1,34
1,"2024-04-10T11:25:33","ELECTRONIC",338,85,9,1,10,"9. posiedzenie Sejmu RP w dniach 10, 11 i 12 kwietnia 2024 r.","Wniosek o przerwę",373,123,"PiS","Marcin","Gwóźdź","Piotr","NO",1,34
1,"2024-04-10T11:25:33","ELECTRONIC",338,85,9,1,10,"9. posiedzenie Sejmu RP w dniach 10, 11 i 12 kwietnia 2024 r.","Wniosek o przerwę",373,124,"KO","Marek","Gzik","Krzysztof","NO",1,34
1,"2024-04-10T11:25:33","ELECTRONIC",338,85,9,1,10,"9. posiedzenie Sejmu RP w dniach 10, 11 i 12 kwietnia 2024 r.","Wniosek o przerwę",373,125,"KO","Krzysztof","Habura","Stefan","NO",1,34
1,"2024-04-10T11:25:33","ELECTRONIC",338,85,9,1,10,"9. posiedzenie Sejmu RP w dniach 10, 11 i 12 kwietnia 2024 r.","Wniosek o przerwę",373,126,"KO","Agnieszka","Hanajczyk","Małgorzata","NO",1,34
1,"2024-04-10T11:25:33","ELECTRONIC",338,85,9,1,10,"9. posiedzenie Sejmu RP w dniach 10, 11 i 12 kwietnia 2024 r.","Wniosek o przerwę",373,127,"KO","Iwona","Hartwich",NA,"NO",1,34
1,"2024-04-10T11:25:33","ELECTRONIC",338,85,9,1,10,"9. posiedzenie Sejmu RP w dniach 10, 11 i 12 kwietnia 2024 r.","Wniosek o przerwę",373,128,"Polska2050-TD","Paulina","Hennig-Kloska",NA,"NO",1,34
1,"2024-04-10T11:25:33","ELECTRONIC",338,85,9,1,10,"9. posiedzenie Sejmu RP w dniach 10, 11 i 12 kwietnia 2024 r.","Wniosek o przerwę",373,129,"PSL-TD","Krzysztof","Hetman","Andrzej","ABSENT",1,34
1,"2024-04-10T11:25:33","ELECTRONIC",338,85,9,1,10,"9. posiedzenie Sejmu RP w dniach 10, 11 i 12 kwietnia 2024 r.","Wniosek o przerwę",373,130,"PiS","Czesław","Hoc",NA,"NO",1,34
1,"2024-04-10T11:25:33","ELECTRONIC",338,85,9,1,10,"9. posiedzenie Sejmu RP w dniach 10, 11 i 12 kwietnia 2024 r.","Wniosek o przerwę",373,131,"PiS","Zbigniew","Hoffmann","Grzegorz","NO",1,34
1,"2024-04-10T11:25:33","ELECTRONIC",338,85,9,1,10,"9. posiedzenie Sejmu RP w dniach 10, 11 i 12 kwietnia 2024 r.","Wniosek o przerwę",373,132,"KO","Marek","Hok","Tomasz","NO",1,34
1,"2024-04-10T11:25:33","ELECTRONIC",338,85,9,1,10,"9. posiedzenie Sejmu RP w dniach 10, 11 i 12 kwietnia 2024 r.","Wniosek o przerwę",373,133,"Polska2050-TD","Szymon","Hołownia","Franciszek","NO",1,34
1,"2024-04-10T11:25:33","ELECTRONIC",338,85,9,1,10,"9. posiedzenie Sejmu RP w dniach 10, 11 i 12 kwietnia 2024 r.","Wniosek o przerwę",373,134,"PiS","Marcin","Horała","Michał","NO",1,34
1,"2024-04-10T11:25:33","ELECTRONIC",338,85,9,1,10,"9. posiedzenie Sejmu RP w dniach 10, 11 i 12 kwietnia 2024 r.","Wniosek o przerwę",373,135,"KO","Łukasz","Horbatowski",NA,"NO",1,34
1,"2024-04-10T11:25:33","ELECTRONIC",338,85,9,1,10,"9. posiedzenie Sejmu RP w dniach 10, 11 i 12 kwietnia 2024 r.","Wniosek o przerwę",373,136,"PiS","Paweł","Hreniak","Marek","NO",1,34
1,"2024-04-10T11:25:33","ELECTRONIC",338,85,9,1,10,"9. posiedzenie Sejmu RP w dniach 10, 11 i 12 kwietnia 2024 r.","Wniosek o przerwę",373,137,"PiS","Paweł","Jabłoński",NA,"NO",1,34
1,"2024-04-10T11:25:33","ELECTRONIC",338,85,9,1,10,"9. posiedzenie Sejmu RP w dniach 10, 11 i 12 kwietnia 2024 r.","Wniosek o przerwę",373,138,"KO","Klaudia","Jachira","Krystyna","NO",1,34
1,"2024-04-10T11:25:33","ELECTRONIC",338,85,9,1,10,"9. posiedzenie Sejmu RP w dniach 10, 11 i 12 kwietnia 2024 r.","Wniosek o przerwę",373,139,"Kukiz15","Marek","Jakubiak",NA,"YES",1,34
1,"2024-04-10T11:25:33","ELECTRONIC",338,85,9,1,10,"9. posiedzenie Sejmu RP w dniach 10, 11 i 12 kwietnia 2024 r.","Wniosek o przerwę",373,140,"KO","Maria","Janyska","Małgorzata","NO",1,34
1,"2024-04-10T11:25:33","ELECTRONIC",338,85,9,1,10,"9. posiedzenie Sejmu RP w dniach 10, 11 i 12 kwietnia 2024 r.","Wniosek o przerwę",373,141,"KO","Michał","Jaros",NA,"NO",1,34
1,"2024-04-10T11:25:33","ELECTRONIC",338,85,9,1,10,"9. posiedzenie Sejmu RP w dniach 10, 11 i 12 kwietnia 2024 r.","Wniosek o przerwę",373,142,"KO","Patryk","Jaskulski","Bartłomiej","ABSENT",1,34
1,"2024-04-10T11:25:33","ELECTRONIC",338,85,9,1,10,"9. posiedzenie Sejmu RP w dniach 10, 11 i 12 kwietnia 2024 r.","Wniosek o przerwę",373,143,"KO","Danuta","Jazłowiecka","Maria","ABSENT",1,34
1,"2024-04-10T11:25:33","ELECTRONIC",338,85,9,1,10,"9. posiedzenie Sejmu RP w dniach 10, 11 i 12 kwietnia 2024 r.","Wniosek o przerwę",373,144,"KO","Dariusz","Joński",NA,"NO",1,34
1,"2024-04-10T11:25:33","ELECTRONIC",338,85,9,1,10,"9. posiedzenie Sejmu RP w dniach 10, 11 i 12 kwietnia 2024 r.","Wniosek o przerwę",373,145,"KO","Marcin","Józefaciuk",NA,"NO",1,34
1,"2024-04-10T11:25:33","ELECTRONIC",338,85,9,1,10,"9. posiedzenie Sejmu RP w dniach 10, 11 i 12 kwietnia 2024 r.","Wniosek o przerwę",373,146,"PiS","Norbert","Kaczmarczyk","Jakub","YES",1,34
1,"2024-04-10T11:25:33","ELECTRONIC",338,85,9,1,10,"9. posiedzenie Sejmu RP w dniach 10, 11 i 12 kwietnia 2024 r.","Wniosek o przerwę",373,147,"PiS","Filip","Kaczyński","Roman","NO",1,34
1,"2024-04-10T11:25:33","ELECTRONIC",338,85,9,1,10,"9. posiedzenie Sejmu RP w dniach 10, 11 i 12 kwietnia 2024 r.","Wniosek o przerwę",373,148,"PiS","Jarosław","Kaczyński","Aleksander","ABSENT",1,34
1,"2024-04-10T11:25:33","ELECTRONIC",338,85,9,1,10,"9. posiedzenie Sejmu RP w dniach 10, 11 i 12 kwietnia 2024 r.","Wniosek o przerwę",373,149,"PiS","Piotr","Kaleta","Marek","NO",1,34
1,"2024-04-10T11:25:33","ELECTRONIC",338,85,9,1,10,"9. posiedzenie Sejmu RP w dniach 10, 11 i 12 kwietnia 2024 r.","Wniosek o przerwę",373,150,"PiS","Sebastian","Kaleta","Jerzy","YES",1,34
1,"2024-04-10T11:25:33","ELECTRONIC",338,85,9,1,10,"9. posiedzenie Sejmu RP w dniach 10, 11 i 12 kwietnia 2024 r.","Wniosek o przerwę",373,151,"PiS","Mariusz","Kałużny",NA,"ABSENT",1,34
1,"2024-04-10T11:25:33","ELECTRONIC",338,85,9,1,10,"9. posiedzenie Sejmu RP w dniach 10, 11 i 12 kwietnia 2024 r.","Wniosek o przerwę",373,153,"KO","Piotr","Kandyba",NA,"NO",1,34
1,"2024-04-10T11:25:33","ELECTRONIC",338,85,9,1,10,"9. posiedzenie Sejmu RP w dniach 10, 11 i 12 kwietnia 2024 r.","Wniosek o przerwę",373,154,"PiS","Jan","Kanthak","Jakub","NO",1,34
1,"2024-04-10T11:25:33","ELECTRONIC",338,85,9,1,10,"9. posiedzenie Sejmu RP w dniach 10, 11 i 12 kwietnia 2024 r.","Wniosek o przerwę",373,155,"PiS","Fryderyk","Kapinos","Sylwester","NO",1,34
1,"2024-04-10T11:25:33","ELECTRONIC",338,85,9,1,10,"9. posiedzenie Sejmu RP w dniach 10, 11 i 12 kwietnia 2024 r.","Wniosek o przerwę",373,156,"KO","Jacek","Karnowski","Karnowski","NO",1,34
1,"2024-04-10T11:25:33","ELECTRONIC",338,85,9,1,10,"9. posiedzenie Sejmu RP w dniach 10, 11 i 12 kwietnia 2024 r.","Wniosek o przerwę",373,157,"KO","Iwona","Karolewska",NA,"NO",1,34
1,"2024-04-10T11:25:33","ELECTRONIC",338,85,9,1,10,"9. posiedzenie Sejmu RP w dniach 10, 11 i 12 kwietnia 2024 r.","Wniosek o przerwę",373,158,"Polska2050-TD","Rafał","Kasprzyk","Marcin","NO",1,34
1,"2024-04-10T11:25:33","ELECTRONIC",338,85,9,1,10,"9. posiedzenie Sejmu RP w dniach 10, 11 i 12 kwietnia 2024 r.","Wniosek o przerwę",373,159,"PSL-TD","Henryk","Kiepura",NA,"NO",1,34
1,"2024-04-10T11:25:33","ELECTRONIC",338,85,9,1,10,"9. posiedzenie Sejmu RP w dniach 10, 11 i 12 kwietnia 2024 r.","Wniosek o przerwę",373,160,"KO","Marcin","Kierwiński","Piotr","NO",1,34
1,"2024-04-10T11:25:33","ELECTRONIC",338,85,9,1,10,"9. posiedzenie Sejmu RP w dniach 10, 11 i 12 kwietnia 2024 r.","Wniosek o przerwę",373,161,"KO","Katarzyna","Kierzek-Koperska","Renata","NO",1,34
1,"2024-04-10T11:25:33","ELECTRONIC",338,85,9,1,10,"9. posiedzenie Sejmu RP w dniach 10, 11 i 12 kwietnia 2024 r.","Wniosek o przerwę",373,162,"PSL-TD","Dariusz","Klimczak",NA,"NO",1,34
1,"2024-04-10T11:25:33","ELECTRONIC",338,85,9,1,10,"9. posiedzenie Sejmu RP w dniach 10, 11 i 12 kwietnia 2024 r.","Wniosek o przerwę",373,163,"KO","Joanna","Kluzik-Rostkowska","Grażyna","NO",1,34
1,"2024-04-10T11:25:33","ELECTRONIC",338,85,9,1,10,"9. posiedzenie Sejmu RP w dniach 10, 11 i 12 kwietnia 2024 r.","Wniosek o przerwę",373,164,"PSL-TD","Agnieszka","Kłopotek","Maria","NO",1,34
1,"2024-04-10T11:25:33","ELECTRONIC",338,85,9,1,10,"9. posiedzenie Sejmu RP w dniach 10, 11 i 12 kwietnia 2024 r.","Wniosek o przerwę",373,165,"PiS","Łukasz","Kmita","Marek","YES",1,34
1,"2024-04-10T11:25:33","ELECTRONIC",338,85,9,1,10,"9. posiedzenie Sejmu RP w dniach 10, 11 i 12 kwietnia 2024 r.","Wniosek o przerwę",373,166,"Polska2050-TD","Michał","Kobosko","Andrzej","NO",1,34
1,"2024-04-10T11:25:33","ELECTRONIC",338,85,9,1,10,"9. posiedzenie Sejmu RP w dniach 10, 11 i 12 kwietnia 2024 r.","Wniosek o przerwę",373,167,"PiS","Maria","Koc","Zofia","NO",1,34
1,"2024-04-10T11:25:33","ELECTRONIC",338,85,9,1,10,"9. posiedzenie Sejmu RP w dniach 10, 11 i 12 kwietnia 2024 r.","Wniosek o przerwę",373,168,"KO","Ewa","Kołodziej","Edyta","NO",1,34
1,"2024-04-10T11:25:33","ELECTRONIC",338,85,9,1,10,"9. posiedzenie Sejmu RP w dniach 10, 11 i 12 kwietnia 2024 r.","Wniosek o przerwę",373,169,"KO","Magdalena","Kołodziejczak","Małgorzata","NO",1,34
1,"2024-04-10T11:25:33","ELECTRONIC",338,85,9,1,10,"9. posiedzenie Sejmu RP w dniach 10, 11 i 12 kwietnia 2024 r.","Wniosek o przerwę",373,170,"KO","Michał","Kołodziejczak",NA,"ABSENT",1,34
1,"2024-04-10T11:25:33","ELECTRONIC",338,85,9,1,10,"9. posiedzenie Sejmu RP w dniach 10, 11 i 12 kwietnia 2024 r.","Wniosek o przerwę",373,171,"Polska2050-TD","Rafał","Komarewicz","Paweł","NO",1,34
1,"2024-04-10T11:25:33","ELECTRONIC",338,85,9,1,10,"9. posiedzenie Sejmu RP w dniach 10, 11 i 12 kwietnia 2024 r.","Wniosek o przerwę",373,172,"Lewica","Maciej","Konieczny",NA,"NO",1,34
1,"2024-04-10T11:25:33","ELECTRONIC",338,85,9,1,10,"9. posiedzenie Sejmu RP w dniach 10, 11 i 12 kwietnia 2024 r.","Wniosek o przerwę",373,173,"KO","Zbigniew","Konwiński","Marek","NO",1,34
1,"2024-04-10T11:25:33","ELECTRONIC",338,85,9,1,10,"9. posiedzenie Sejmu RP w dniach 10, 11 i 12 kwietnia 2024 r.","Wniosek o przerwę",373,174,"PSL-TD","Władysław","Kosiniak-Kamysz","Marcin","NO",1,34
1,"2024-04-10T11:25:33","ELECTRONIC",338,85,9,1,10,"9. posiedzenie Sejmu RP w dniach 10, 11 i 12 kwietnia 2024 r.","Wniosek o przerwę",373,175,"KO","Tomasz","Kostuś","Tadeusz","NO",1,34
1,"2024-04-10T11:25:33","ELECTRONIC",338,85,9,1,10,"9. posiedzenie Sejmu RP w dniach 10, 11 i 12 kwietnia 2024 r.","Wniosek o przerwę",373,176,"PiS","Andrzej","Kosztowniak","Tomasz","NO",1,34
1,"2024-04-10T11:25:33","ELECTRONIC",338,85,9,1,10,"9. posiedzenie Sejmu RP w dniach 10, 11 i 12 kwietnia 2024 r.","Wniosek o przerwę",373,177,"Lewica","Katarzyna","Kotula",NA,"NO",1,34
1,"2024-04-10T11:25:33","ELECTRONIC",338,85,9,1,10,"9. posiedzenie Sejmu RP w dniach 10, 11 i 12 kwietnia 2024 r.","Wniosek o przerwę",373,178,"KO","Paweł","Kowal",NA,"NO",1,34
1,"2024-04-10T11:25:33","ELECTRONIC",338,85,9,1,10,"9. posiedzenie Sejmu RP w dniach 10, 11 i 12 kwietnia 2024 r.","Wniosek o przerwę",373,179,"PiS","Henryk","Kowalczyk",NA,"ABSENT",1,34
1,"2024-04-10T11:25:33","ELECTRONIC",338,85,9,1,10,"9. posiedzenie Sejmu RP w dniach 10, 11 i 12 kwietnia 2024 r.","Wniosek o przerwę",373,180,"PiS","Janusz","Kowalski","Marcin","NO",1,34
1,"2024-04-10T11:25:33","ELECTRONIC",338,85,9,1,10,"9. posiedzenie Sejmu RP w dniach 10, 11 i 12 kwietnia 2024 r.","Wniosek o przerwę",373,181,"PiS","Bartosz","Kownacki","Józef","ABSENT",1,34
1,"2024-04-10T11:25:33","ELECTRONIC",338,85,9,1,10,"9. posiedzenie Sejmu RP w dniach 10, 11 i 12 kwietnia 2024 r.","Wniosek o przerwę",373,182,"KO","Iwona","Kozłowska","Maria","NO",1,34
1,"2024-04-10T11:25:33","ELECTRONIC",338,85,9,1,10,"9. posiedzenie Sejmu RP w dniach 10, 11 i 12 kwietnia 2024 r.","Wniosek o przerwę",373,183,"PSL-TD","Stefan","Krajewski",NA,"NO",1,34
1,"2024-04-10T11:25:33","ELECTRONIC",338,85,9,1,10,"9. posiedzenie Sejmu RP w dniach 10, 11 i 12 kwietnia 2024 r.","Wniosek o przerwę",373,184,"PiS","Wiesław","Krajewski",NA,"NO",1,34
1,"2024-04-10T11:25:33","ELECTRONIC",338,85,9,1,10,"9. posiedzenie Sejmu RP w dniach 10, 11 i 12 kwietnia 2024 r.","Wniosek o przerwę",373,185,"PiS","Leonard","Krasulski","Seweryn","ABSENT",1,34
1,"2024-04-10T11:25:33","ELECTRONIC",338,85,9,1,10,"9. posiedzenie Sejmu RP w dniach 10, 11 i 12 kwietnia 2024 r.","Wniosek o przerwę",373,186,"KO","Iwona","Krawczyk","Małgorzata","NO",1,34
1,"2024-04-10T11:25:33","ELECTRONIC",338,85,9,1,10,"9. posiedzenie Sejmu RP w dniach 10, 11 i 12 kwietnia 2024 r.","Wniosek o przerwę",373,187,"KO","Michał","Krawczyk",NA,"NO",1,34
1,"2024-04-10T11:25:33","ELECTRONIC",338,85,9,1,10,"9. posiedzenie Sejmu RP w dniach 10, 11 i 12 kwietnia 2024 r.","Wniosek o przerwę",373,188,"KO","Robert","Kropiwnicki",NA,"NO",1,34
1,"2024-04-10T11:25:33","ELECTRONIC",338,85,9,1,10,"9. posiedzenie Sejmu RP w dniach 10, 11 i 12 kwietnia 2024 r.","Wniosek o przerwę",373,189,"PiS","Piotr","Król","Marek","NO",1,34
1,"2024-04-10T11:25:33","ELECTRONIC",338,85,9,1,10,"9. posiedzenie Sejmu RP w dniach 10, 11 i 12 kwietnia 2024 r.","Wniosek o przerwę",373,190,"KO","Wojciech","Król","Piotr","NO",1,34
1,"2024-04-10T11:25:33","ELECTRONIC",338,85,9,1,10,"9. posiedzenie Sejmu RP w dniach 10, 11 i 12 kwietnia 2024 r.","Wniosek o przerwę",373,191,"PiS","Anna","Krupka","Maria","ABSENT",1,34
1,"2024-04-10T11:25:33","ELECTRONIC",338,85,9,1,10,"9. posiedzenie Sejmu RP w dniach 10, 11 i 12 kwietnia 2024 r.","Wniosek o przerwę",373,192,"PiS","Andrzej","Kryj","Michał","NO",1,34
1,"2024-04-10T11:25:33","ELECTRONIC",338,85,9,1,10,"9. posiedzenie Sejmu RP w dniach 10, 11 i 12 kwietnia 2024 r.","Wniosek o przerwę",373,193,"PiS","Mariusz","Krystian","Tomasz","YES",1,34
1,"2024-04-10T11:25:33","ELECTRONIC",338,85,9,1,10,"9. posiedzenie Sejmu RP w dniach 10, 11 i 12 kwietnia 2024 r.","Wniosek o przerwę",373,194,"KO","Marek","Krząkała","Grzegorz","NO",1,34
1,"2024-04-10T11:25:33","ELECTRONIC",338,85,9,1,10,"9. posiedzenie Sejmu RP w dniach 10, 11 i 12 kwietnia 2024 r.","Wniosek o przerwę",373,195,"KO","Adam","Krzemiński",NA,"NO",1,34
1,"2024-04-10T11:25:33","ELECTRONIC",338,85,9,1,10,"9. posiedzenie Sejmu RP w dniach 10, 11 i 12 kwietnia 2024 r.","Wniosek o przerwę",373,196,"KO","Henryka","Krzywonos-Strycharska","Krystyna","NO",1,34
1,"2024-04-10T11:25:33","ELECTRONIC",338,85,9,1,10,"9. posiedzenie Sejmu RP w dniach 10, 11 i 12 kwietnia 2024 r.","Wniosek o przerwę",373,197,"PiS","Krzysztof","Kubów","Jan","YES",1,34
1,"2024-04-10T11:25:33","ELECTRONIC",338,85,9,1,10,"9. posiedzenie Sejmu RP w dniach 10, 11 i 12 kwietnia 2024 r.","Wniosek o przerwę",373,198,"Lewica","Anita","Kucharska-Dziedzic","Agnieszka","NO",1,34
1,"2024-04-10T11:25:33","ELECTRONIC",338,85,9,1,10,"9. posiedzenie Sejmu RP w dniach 10, 11 i 12 kwietnia 2024 r.","Wniosek o przerwę",373,199,"PiS","Marek","Kuchciński","Tadeusz","ABSENT",1,34
1,"2024-04-10T11:25:33","ELECTRONIC",338,85,9,1,10,"9. posiedzenie Sejmu RP w dniach 10, 11 i 12 kwietnia 2024 r.","Wniosek o przerwę",373,200,"Kukiz15","Paweł","Kukiz","Piotr","ABSENT",1,34
1,"2024-04-10T11:25:33","ELECTRONIC",338,85,9,1,10,"9. posiedzenie Sejmu RP w dniach 10, 11 i 12 kwietnia 2024 r.","Wniosek o przerwę",373,201,"Lewica","Marcin","Kulasek","Robert","ABSENT",1,34
1,"2024-04-10T11:25:33","ELECTRONIC",338,85,9,1,10,"9. posiedzenie Sejmu RP w dniach 10, 11 i 12 kwietnia 2024 r.","Wniosek o przerwę",373,202,"PiS","Maria","Kurowska","Stanisława","YES",1,34
1,"2024-04-10T11:25:33","ELECTRONIC",338,85,9,1,10,"9. posiedzenie Sejmu RP w dniach 10, 11 i 12 kwietnia 2024 r.","Wniosek o przerwę",373,203,"PiS","Władysław","Kurowski","Michał","NO",1,34
1,"2024-04-10T11:25:33","ELECTRONIC",338,85,9,1,10,"9. posiedzenie Sejmu RP w dniach 10, 11 i 12 kwietnia 2024 r.","Wniosek o przerwę",373,204,"PiS","Zbigniew","Kuźmiuk","Krzysztof","ABSENT",1,34
1,"2024-04-10T11:25:33","ELECTRONIC",338,85,9,1,10,"9. posiedzenie Sejmu RP w dniach 10, 11 i 12 kwietnia 2024 r.","Wniosek o przerwę",373,205,"PiS","Anna","Kwiecień",NA,"NO",1,34
1,"2024-04-10T11:25:33","ELECTRONIC",338,85,9,1,10,"9. posiedzenie Sejmu RP w dniach 10, 11 i 12 kwietnia 2024 r.","Wniosek o przerwę",373,206,"KO","Piotr","Lachowicz","Michał","NO",1,34
1,"2024-04-10T11:25:33","ELECTRONIC",338,85,9,1,10,"9. posiedzenie Sejmu RP w dniach 10, 11 i 12 kwietnia 2024 r.","Wniosek o przerwę",373,207,"KO","Stanisław","Lamczyk","Józef","NO",1,34
1,"2024-04-10T11:25:33","ELECTRONIC",338,85,9,1,10,"9. posiedzenie Sejmu RP w dniach 10, 11 i 12 kwietnia 2024 r.","Wniosek o przerwę",373,208,"KO","Maciej","Lasek","Grzegorz","NO",1,34
1,"2024-04-10T11:25:33","ELECTRONIC",338,85,9,1,10,"9. posiedzenie Sejmu RP w dniach 10, 11 i 12 kwietnia 2024 r.","Wniosek o przerwę",373,209,"KO","Gabriela","Lenartowicz","Teresa","ABSENT",1,34
1,"2024-04-10T11:25:33","ELECTRONIC",338,85,9,1,10,"9. posiedzenie Sejmu RP w dniach 10, 11 i 12 kwietnia 2024 r.","Wniosek o przerwę",373,210,"PiS","Ewa","Leniart","Maria","NO",1,34
1,"2024-04-10T11:25:33","ELECTRONIC",338,85,9,1,10,"9. posiedzenie Sejmu RP w dniach 10, 11 i 12 kwietnia 2024 r.","Wniosek o przerwę",373,211,"Polska2050-TD","Aleksandra","Leo","Maria","NO",1,34
1,"2024-04-10T11:25:33","ELECTRONIC",338,85,9,1,10,"9. posiedzenie Sejmu RP w dniach 10, 11 i 12 kwietnia 2024 r.","Wniosek o przerwę",373,212,"KO","Izabela","Leszczyna","Dorota","ABSENT",1,34
1,"2024-04-10T11:25:33","ELECTRONIC",338,85,9,1,10,"9. posiedzenie Sejmu RP w dniach 10, 11 i 12 kwietnia 2024 r.","Wniosek o przerwę",373,213,"PiS","Joanna","Lichocka","Katarzyna","NO",1,34
1,"2024-04-10T11:25:33","ELECTRONIC",338,85,9,1,10,"9. posiedzenie Sejmu RP w dniach 10, 11 i 12 kwietnia 2024 r.","Wniosek o przerwę",373,214,"PiS","Krzysztof","Lipiec","Bogdan","NO",1,34
1,"2024-04-10T11:25:33","ELECTRONIC",338,85,9,1,10,"9. posiedzenie Sejmu RP w dniach 10, 11 i 12 kwietnia 2024 r.","Wniosek o przerwę",373,215,"Lewica","Łukasz","Litewka","Karol","NO",1,34
1,"2024-04-10T11:25:33","ELECTRONIC",338,85,9,1,10,"9. posiedzenie Sejmu RP w dniach 10, 11 i 12 kwietnia 2024 r.","Wniosek o przerwę",373,216,"PiS","Grzegorz","Lorek","Andrzej","NO",1,34
1,"2024-04-10T11:25:33","ELECTRONIC",338,85,9,1,10,"9. posiedzenie Sejmu RP w dniach 10, 11 i 12 kwietnia 2024 r.","Wniosek o przerwę",373,217,"PSL-TD","Radosław","Lubczyk",NA,"NO",1,34
1,"2024-04-10T11:25:33","ELECTRONIC",338,85,9,1,10,"9. posiedzenie Sejmu RP w dniach 10, 11 i 12 kwietnia 2024 r.","Wniosek o przerwę",373,218,"KO","Katarzyna","Lubnauer","Anna","NO",1,34
1,"2024-04-10T11:25:33","ELECTRONIC",338,85,9,1,10,"9. posiedzenie Sejmu RP w dniach 10, 11 i 12 kwietnia 2024 r.","Wniosek o przerwę",373,219,"Polska2050-TD","Adam","Luboński","Sławomir","NO",1,34
1,"2024-04-10T11:25:33","ELECTRONIC",338,85,9,1,10,"9. posiedzenie Sejmu RP w dniach 10, 11 i 12 kwietnia 2024 r.","Wniosek o przerwę",373,220,"KO","Artur","Łącki","Jarosław","NO",1,34
1,"2024-04-10T11:25:33","ELECTRONIC",338,85,9,1,10,"9. posiedzenie Sejmu RP w dniach 10, 11 i 12 kwietnia 2024 r.","Wniosek o przerwę",373,221,"KO","Alicja","Łepkowska-Gołaś",NA,"NO",1,34
1,"2024-04-10T11:25:33","ELECTRONIC",338,85,9,1,10,"9. posiedzenie Sejmu RP w dniach 10, 11 i 12 kwietnia 2024 r.","Wniosek o przerwę",373,222,"KO","Dorota","Łoboda","Ewa","NO",1,34
1,"2024-04-10T11:25:33","ELECTRONIC",338,85,9,1,10,"9. posiedzenie Sejmu RP w dniach 10, 11 i 12 kwietnia 2024 r.","Wniosek o przerwę",373,223,"KO","Krystian","Łuczak","Marek","NO",1,34
1,"2024-04-10T11:25:33","ELECTRONIC",338,85,9,1,10,"9. posiedzenie Sejmu RP w dniach 10, 11 i 12 kwietnia 2024 r.","Wniosek o przerwę",373,224,"PiS","Sebastian","Łukaszewicz",NA,"ABSENT",1,34
1,"2024-04-10T11:25:33","ELECTRONIC",338,85,9,1,10,"9. posiedzenie Sejmu RP w dniach 10, 11 i 12 kwietnia 2024 r.","Wniosek o przerwę",373,225,"PiS","Marzena","Machałek","Anna","NO",1,34
1,"2024-04-10T11:25:33","ELECTRONIC",338,85,9,1,10,"9. posiedzenie Sejmu RP w dniach 10, 11 i 12 kwietnia 2024 r.","Wniosek o przerwę",373,226,"PiS","Antoni","Macierewicz",NA,"ABSENT",1,34
1,"2024-04-10T11:25:33","ELECTRONIC",338,85,9,1,10,"9. posiedzenie Sejmu RP w dniach 10, 11 i 12 kwietnia 2024 r.","Wniosek o przerwę",373,227,"PiS","Marlena","Maląg","Magdalena","NO",1,34
1,"2024-04-10T11:25:33","ELECTRONIC",338,85,9,1,10,"9. posiedzenie Sejmu RP w dniach 10, 11 i 12 kwietnia 2024 r.","Wniosek o przerwę",373,228,"PiS","Ewa","Malik","Danuta","ABSENT",1,34
1,"2024-04-10T11:25:33","ELECTRONIC",338,85,9,1,10,"9. posiedzenie Sejmu RP w dniach 10, 11 i 12 kwietnia 2024 r.","Wniosek o przerwę",373,229,"PSL-TD","Mirosław","Maliszewski","Wojciech","NO",1,34
1,"2024-04-10T11:25:33","ELECTRONIC",338,85,9,1,10,"9. posiedzenie Sejmu RP w dniach 10, 11 i 12 kwietnia 2024 r.","Wniosek o przerwę",373,230,"PiS","Maciej","Małecki",NA,"ABSENT",1,34
1,"2024-04-10T11:25:33","ELECTRONIC",338,85,9,1,10,"9. posiedzenie Sejmu RP w dniach 10, 11 i 12 kwietnia 2024 r.","Wniosek o przerwę",373,231,"KO","Arkadiusz","Marchewka",NA,"NO",1,34
1,"2024-04-10T11:25:33","ELECTRONIC",338,85,9,1,10,"9. posiedzenie Sejmu RP w dniach 10, 11 i 12 kwietnia 2024 r.","Wniosek o przerwę",373,232,"KO","Jagna","Marczułajtis-Walczak","Kinga","NO",1,34
1,"2024-04-10T11:25:33","ELECTRONIC",338,85,9,1,10,"9. posiedzenie Sejmu RP w dniach 10, 11 i 12 kwietnia 2024 r.","Wniosek o przerwę",373,233,"KO","Dorota","Marek",NA,"NO",1,34
1,"2024-04-10T11:25:33","ELECTRONIC",338,85,9,1,10,"9. posiedzenie Sejmu RP w dniach 10, 11 i 12 kwietnia 2024 r.","Wniosek o przerwę",373,234,"PiS","Dariusz","Matecki","Piotr","ABSENT",1,34
1,"2024-04-10T11:25:33","ELECTRONIC",338,85,9,1,10,"9. posiedzenie Sejmu RP w dniach 10, 11 i 12 kwietnia 2024 r.","Wniosek o przerwę",373,235,"PiS","Jerzy","Materna","Marian","YES",1,34
1,"2024-04-10T11:25:33","ELECTRONIC",338,85,9,1,10,"9. posiedzenie Sejmu RP w dniach 10, 11 i 12 kwietnia 2024 r.","Wniosek o przerwę",373,236,"PiS","Grzegorz","Matusiak",NA,"ABSTAIN",1,34
1,"2024-04-10T11:25:33","ELECTRONIC",338,85,9,1,10,"9. posiedzenie Sejmu RP w dniach 10, 11 i 12 kwietnia 2024 r.","Wniosek o przerwę",373,237,"KO","Katarzyna","Matusik-Lipiec","Irena","NO",1,34
1,"2024-04-10T11:25:33","ELECTRONIC",338,85,9,1,10,"9. posiedzenie Sejmu RP w dniach 10, 11 i 12 kwietnia 2024 r.","Wniosek o przerwę",373,238,"PiS","Marek","Matuszewski",NA,"NO",1,34
1,"2024-04-10T11:25:33","ELECTRONIC",338,85,9,1,10,"9. posiedzenie Sejmu RP w dniach 10, 11 i 12 kwietnia 2024 r.","Wniosek o przerwę",373,239,"Lewica","Paulina","Matysiak",NA,"NO",1,34
1,"2024-04-10T11:25:33","ELECTRONIC",338,85,9,1,10,"9. posiedzenie Sejmu RP w dniach 10, 11 i 12 kwietnia 2024 r.","Wniosek o przerwę",373,240,"PiS","Łukasz","Mejza",NA,"ABSENT",1,34
1,"2024-04-10T11:25:33","ELECTRONIC",338,85,9,1,10,"9. posiedzenie Sejmu RP w dniach 10, 11 i 12 kwietnia 2024 r.","Wniosek o przerwę",373,241,"Konfederacja","Sławomir","Mentzen","Jerzy","ABSENT",1,34
1,"2024-04-10T11:25:33","ELECTRONIC",338,85,9,1,10,"9. posiedzenie Sejmu RP w dniach 10, 11 i 12 kwietnia 2024 r.","Wniosek o przerwę",373,242,"PiS","Anna","Milczanowska","Maria","ABSENT",1,34
1,"2024-04-10T11:25:33","ELECTRONIC",338,85,9,1,10,"9. posiedzenie Sejmu RP w dniach 10, 11 i 12 kwietnia 2024 r.","Wniosek o przerwę",373,243,"PiS","Daniel","Milewski","George","NO",1,34
1,"2024-04-10T11:25:33","ELECTRONIC",338,85,9,1,10,"9. posiedzenie Sejmu RP w dniach 10, 11 i 12 kwietnia 2024 r.","Wniosek o przerwę",373,245,"KO","Aleksander","Miszalski","Jan","NO",1,34
1,"2024-04-10T11:25:33","ELECTRONIC",338,85,9,1,10,"9. posiedzenie Sejmu RP w dniach 10, 11 i 12 kwietnia 2024 r.","Wniosek o przerwę",373,246,"PiS","Mateusz","Morawiecki","Jakub","ABSENT",1,34
1,"2024-04-10T11:25:33","ELECTRONIC",338,85,9,1,10,"9. posiedzenie Sejmu RP w dniach 10, 11 i 12 kwietnia 2024 r.","Wniosek o przerwę",373,247,"PiS","Jan","Mosiński",NA,"NO",1,34
1,"2024-04-10T11:25:33","ELECTRONIC",338,85,9,1,10,"9. posiedzenie Sejmu RP w dniach 10, 11 i 12 kwietnia 2024 r.","Wniosek o przerwę",373,248,"PiS","Michał","Moskal",NA,"ABSENT",1,34
1,"2024-04-10T11:25:33","ELECTRONIC",338,85,9,1,10,"9. posiedzenie Sejmu RP w dniach 10, 11 i 12 kwietnia 2024 r.","Wniosek o przerwę",373,249,"KO","Czesław","Mroczek",NA,"NO",1,34
1,"2024-04-10T11:25:33","ELECTRONIC",338,85,9,1,10,"9. posiedzenie Sejmu RP w dniach 10, 11 i 12 kwietnia 2024 r.","Wniosek o przerwę",373,250,"PiS","Aleksander","Mrówczyński","Mikołaj","NO",1,34
1,"2024-04-10T11:25:33","ELECTRONIC",338,85,9,1,10,"9. posiedzenie Sejmu RP w dniach 10, 11 i 12 kwietnia 2024 r.","Wniosek o przerwę",373,251,"KO","Izabela","Mrzygłocka","Katarzyna","ABSENT",1,34
1,"2024-04-10T11:25:33","ELECTRONIC",338,85,9,1,10,"9. posiedzenie Sejmu RP w dniach 10, 11 i 12 kwietnia 2024 r.","Wniosek o przerwę",373,252,"Polska2050-TD","Joanna","Mucha",NA,"NO",1,34
1,"2024-04-10T11:25:33","ELECTRONIC",338,85,9,1,10,"9. posiedzenie Sejmu RP w dniach 10, 11 i 12 kwietnia 2024 r.","Wniosek o przerwę",373,253,"PiS","Arkadiusz","Mularczyk",NA,"NO",1,34
1,"2024-04-10T11:25:33","ELECTRONIC",338,85,9,1,10,"9. posiedzenie Sejmu RP w dniach 10, 11 i 12 kwietnia 2024 r.","Wniosek o przerwę",373,254,"Konfederacja","Krzysztof","Mulawa",NA,"YES",1,34
1,"2024-04-10T11:25:33","ELECTRONIC",338,85,9,1,10,"9. posiedzenie Sejmu RP w dniach 10, 11 i 12 kwietnia 2024 r.","Wniosek o przerwę",373,255,"PiS","Piotr","Müller","Józef","NO",1,34
1,"2024-04-10T11:25:33","ELECTRONIC",338,85,9,1,10,"9. posiedzenie Sejmu RP w dniach 10, 11 i 12 kwietnia 2024 r.","Wniosek o przerwę",373,256,"KO","Arkadiusz","Myrcha",NA,"NO",1,34
1,"2024-04-10T11:25:33","ELECTRONIC",338,85,9,1,10,"9. posiedzenie Sejmu RP w dniach 10, 11 i 12 kwietnia 2024 r.","Wniosek o przerwę",373,257,"KO","Grzegorz","Napieralski","Bernard","NO",1,34
1,"2024-04-10T11:25:33","ELECTRONIC",338,85,9,1,10,"9. posiedzenie Sejmu RP w dniach 10, 11 i 12 kwietnia 2024 r.","Wniosek o przerwę",373,258,"KO","Dorota","Niedziela",NA,"NO",1,34
1,"2024-04-10T11:25:33","ELECTRONIC",338,85,9,1,10,"9. posiedzenie Sejmu RP w dniach 10, 11 i 12 kwietnia 2024 r.","Wniosek o przerwę",373,259,"KO","Jacek","Niedźwiedzki",NA,"NO",1,34
1,"2024-04-10T11:25:33","ELECTRONIC",338,85,9,1,10,"9. posiedzenie Sejmu RP w dniach 10, 11 i 12 kwietnia 2024 r.","Wniosek o przerwę",373,260,"KO","Małgorzata","Niemczyk","Barbara","NO",1,34
1,"2024-04-10T11:25:33","ELECTRONIC",338,85,9,1,10,"9. posiedzenie Sejmu RP w dniach 10, 11 i 12 kwietnia 2024 r.","Wniosek o przerwę",373,261,"KO","Jolanta","Niezgodzka","Magdalena","NO",1,34
1,"2024-04-10T11:25:33","ELECTRONIC",338,85,9,1,10,"9. posiedzenie Sejmu RP w dniach 10, 11 i 12 kwietnia 2024 r.","Wniosek o przerwę",373,262,"KO","Sławomir","Nitras",NA,"NO",1,34
1,"2024-04-10T11:25:33","ELECTRONIC",338,85,9,1,10,"9. posiedzenie Sejmu RP w dniach 10, 11 i 12 kwietnia 2024 r.","Wniosek o przerwę",373,263,"KO","Barbara","Nowacka","Anna","NO",1,34
1,"2024-04-10T11:25:33","ELECTRONIC",338,85,9,1,10,"9. posiedzenie Sejmu RP w dniach 10, 11 i 12 kwietnia 2024 r.","Wniosek o przerwę",373,264,"Polska2050-TD","Maja","Nowak","Ewa","NO",1,34
1,"2024-04-10T11:25:33","ELECTRONIC",338,85,9,1,10,"9. posiedzenie Sejmu RP w dniach 10, 11 i 12 kwietnia 2024 r.","Wniosek o przerwę",373,265,"KO","Tomasz","Nowak","Piotr","NO",1,34
1,"2024-04-10T11:25:33","ELECTRONIC",338,85,9,1,10,"9. posiedzenie Sejmu RP w dniach 10, 11 i 12 kwietnia 2024 r.","Wniosek o przerwę",373,266,"Lewica","Wanda","Nowicka","Hanna","NO",1,34
1,"2024-04-10T11:25:33","ELECTRONIC",338,85,9,1,10,"9. posiedzenie Sejmu RP w dniach 10, 11 i 12 kwietnia 2024 r.","Wniosek o przerwę",373,267,"PSL-TD","Urszula","Nowogórska","Teresa","NO",1,34
1,"2024-04-10T11:25:33","ELECTRONIC",338,85,9,1,10,"9. posiedzenie Sejmu RP w dniach 10, 11 i 12 kwietnia 2024 r.","Wniosek o przerwę",373,268,"KO","Mirosława","Nykiel",NA,"NO",1,34
1,"2024-04-10T11:25:33","ELECTRONIC",338,85,9,1,10,"9. posiedzenie Sejmu RP w dniach 10, 11 i 12 kwietnia 2024 r.","Wniosek o przerwę",373,269,"PiS","Marcin","Ociepa","Michał","NO",1,34
1,"2024-04-10T11:25:33","ELECTRONIC",338,85,9,1,10,"9. posiedzenie Sejmu RP w dniach 10, 11 i 12 kwietnia 2024 r.","Wniosek o przerwę",373,270,"KO","Marzena","Okła-Drewnowicz",NA,"NO",1,34
1,"2024-04-10T11:25:33","ELECTRONIC",338,85,9,1,10,"9. posiedzenie Sejmu RP w dniach 10, 11 i 12 kwietnia 2024 r.","Wniosek o przerwę",373,271,"Polska2050-TD","Barbara","Okuła",NA,"NO",1,34
1,"2024-04-10T11:25:33","ELECTRONIC",338,85,9,1,10,"9. posiedzenie Sejmu RP w dniach 10, 11 i 12 kwietnia 2024 r.","Wniosek o przerwę",373,272,"Polska2050-TD","Barbara","Oliwiecka","Anna","NO",1,34
1,"2024-04-10T11:25:33","ELECTRONIC",338,85,9,1,10,"9. posiedzenie Sejmu RP w dniach 10, 11 i 12 kwietnia 2024 r.","Wniosek o przerwę",373,273,"Lewica","Dorota","Olko","Zofia","NO",1,34
1,"2024-04-10T11:25:33","ELECTRONIC",338,85,9,1,10,"9. posiedzenie Sejmu RP w dniach 10, 11 i 12 kwietnia 2024 r.","Wniosek o przerwę",373,274,"KO","Paweł","Olszewski","Bartosz","NO",1,34
1,"2024-04-10T11:25:33","ELECTRONIC",338,85,9,1,10,"9. posiedzenie Sejmu RP w dniach 10, 11 i 12 kwietnia 2024 r.","Wniosek o przerwę",373,275,"PSL-TD","Mirosław","Orliński","Adam","NO",1,34
1,"2024-04-10T11:25:33","ELECTRONIC",338,85,9,1,10,"9. posiedzenie Sejmu RP w dniach 10, 11 i 12 kwietnia 2024 r.","Wniosek o przerwę",373,276,"Polska2050-TD","Łukasz","Osmalak","Tomasz","NO",1,34
1,"2024-04-10T11:25:33","ELECTRONIC",338,85,9,1,10,"9. posiedzenie Sejmu RP w dniach 10, 11 i 12 kwietnia 2024 r.","Wniosek o przerwę",373,277,"KO","Katarzyna","Osos",NA,"NO",1,34
1,"2024-04-10T11:25:33","ELECTRONIC",338,85,9,1,10,"9. posiedzenie Sejmu RP w dniach 10, 11 i 12 kwietnia 2024 r.","Wniosek o przerwę",373,278,"PiS","Jacek","Osuch","Piotr","NO",1,34
1,"2024-04-10T11:25:33","ELECTRONIC",338,85,9,1,10,"9. posiedzenie Sejmu RP w dniach 10, 11 i 12 kwietnia 2024 r.","Wniosek o przerwę",373,279,"PiS","Jacek","Ozdoba","Dawid","NO",1,34
1,"2024-04-10T11:25:33","ELECTRONIC",338,85,9,1,10,"9. posiedzenie Sejmu RP w dniach 10, 11 i 12 kwietnia 2024 r.","Wniosek o przerwę",373,280,"PiS","Teresa","Pamuła",NA,"NO",1,34
1,"2024-04-10T11:25:33","ELECTRONIC",338,85,9,1,10,"9. posiedzenie Sejmu RP w dniach 10, 11 i 12 kwietnia 2024 r.","Wniosek o przerwę",373,281,"KO","Paweł","Papke",NA,"NO",1,34
1,"2024-04-10T11:25:33","ELECTRONIC",338,85,9,1,10,"9. posiedzenie Sejmu RP w dniach 10, 11 i 12 kwietnia 2024 r.","Wniosek o przerwę",373,282,"PSL-TD","Urszula","Pasławska","Stefania","ABSENT",1,34
1,"2024-04-10T11:25:33","ELECTRONIC",338,85,9,1,10,"9. posiedzenie Sejmu RP w dniach 10, 11 i 12 kwietnia 2024 r.","Wniosek o przerwę",373,283,"PSL-TD","Krzysztof","Paszyk","Michał","NO",1,34
1,"2024-04-10T11:25:33","ELECTRONIC",338,85,9,1,10,"9. posiedzenie Sejmu RP w dniach 10, 11 i 12 kwietnia 2024 r.","Wniosek o przerwę",373,284,"KO","Karolina","Pawliczak","Monika","NO",1,34
1,"2024-04-10T11:25:33","ELECTRONIC",338,85,9,1,10,"9. posiedzenie Sejmu RP w dniach 10, 11 i 12 kwietnia 2024 r.","Wniosek o przerwę",373,285,"Konfederacja","Bartłomiej","Pejo","Artur","ABSENT",1,34
1,"2024-04-10T11:25:33","ELECTRONIC",338,85,9,1,10,"9. posiedzenie Sejmu RP w dniach 10, 11 i 12 kwietnia 2024 r.","Wniosek o przerwę",373,286,"Polska2050-TD","Ryszard","Petru","Jerzy","NO",1,34
1,"2024-04-10T11:25:33","ELECTRONIC",338,85,9,1,10,"9. posiedzenie Sejmu RP w dniach 10, 11 i 12 kwietnia 2024 r.","Wniosek o przerwę",373,287,"KO","Małgorzata","Pępek","Anna","NO",1,34
1,"2024-04-10T11:25:33","ELECTRONIC",338,85,9,1,10,"9. posiedzenie Sejmu RP w dniach 10, 11 i 12 kwietnia 2024 r.","Wniosek o przerwę",373,288,"PiS","Bolesław","Piecha","Grzegorz","NO",1,34
1,"2024-04-10T11:25:33","ELECTRONIC",338,85,9,1,10,"9. posiedzenie Sejmu RP w dniach 10, 11 i 12 kwietnia 2024 r.","Wniosek o przerwę",373,289,"PiS","Grzegorz","Piechowiak",NA,"NO",1,34
1,"2024-04-10T11:25:33","ELECTRONIC",338,85,9,1,10,"9. posiedzenie Sejmu RP w dniach 10, 11 i 12 kwietnia 2024 r.","Wniosek o przerwę",373,290,"PiS","Anna","Pieczarka","Maria","ABSENT",1,34
1,"2024-04-10T11:25:33","ELECTRONIC",338,85,9,1,10,"9. posiedzenie Sejmu RP w dniach 10, 11 i 12 kwietnia 2024 r.","Wniosek o przerwę",373,291,"KO","Katarzyna","Piekarska","Maria","NO",1,34
1,"2024-04-10T11:25:33","ELECTRONIC",338,85,9,1,10,"9. posiedzenie Sejmu RP w dniach 10, 11 i 12 kwietnia 2024 r.","Wniosek o przerwę",373,292,"Polska2050-TD","Norbert","Pietrykowski","jerzy","NO",1,34
1,"2024-04-10T11:25:33","ELECTRONIC",338,85,9,1,10,"9. posiedzenie Sejmu RP w dniach 10, 11 i 12 kwietnia 2024 r.","Wniosek o przerwę",373,293,"KO","Lucjan","Pietrzczyk","Marek","NO",1,34
1,"2024-04-10T11:25:33","ELECTRONIC",338,85,9,1,10,"9. posiedzenie Sejmu RP w dniach 10, 11 i 12 kwietnia 2024 r.","Wniosek o przerwę",373,294,"PiS","Dariusz","Piontkowski",NA,"NO",1,34
1,"2024-04-10T11:25:33","ELECTRONIC",338,85,9,1,10,"9. posiedzenie Sejmu RP w dniach 10, 11 i 12 kwietnia 2024 r.","Wniosek o przerwę",373,295,"KO","Kazimierz","Plocke","Florian","NO",1,34
1,"2024-04-10T11:25:33","ELECTRONIC",338,85,9,1,10,"9. posiedzenie Sejmu RP w dniach 10, 11 i 12 kwietnia 2024 r.","Wniosek o przerwę",373,296,"Konfederacja","Grzegorz","Płaczek","Adam","YES",1,34
1,"2024-04-10T11:25:33","ELECTRONIC",338,85,9,1,10,"9. posiedzenie Sejmu RP w dniach 10, 11 i 12 kwietnia 2024 r.","Wniosek o przerwę",373,297,"PiS","Kacper","Płażyński","Maciej","ABSENT",1,34
1,"2024-04-10T11:25:33","ELECTRONIC",338,85,9,1,10,"9. posiedzenie Sejmu RP w dniach 10, 11 i 12 kwietnia 2024 r.","Wniosek o przerwę",373,298,"PiS","Szymon","Pogoda","Marek","NO",1,34
1,"2024-04-10T11:25:33","ELECTRONIC",338,85,9,1,10,"9. posiedzenie Sejmu RP w dniach 10, 11 i 12 kwietnia 2024 r.","Wniosek o przerwę",373,299,"PiS","Jerzy","Polaczek","Jan","NO",1,34
1,"2024-04-10T11:25:33","ELECTRONIC",338,85,9,1,10,"9. posiedzenie Sejmu RP w dniach 10, 11 i 12 kwietnia 2024 r.","Wniosek o przerwę",373,300,"KO","Elżbieta","Polak","Anna","NO",1,34
1,"2024-04-10T11:25:33","ELECTRONIC",338,85,9,1,10,"9. posiedzenie Sejmu RP w dniach 10, 11 i 12 kwietnia 2024 r.","Wniosek o przerwę",373,301,"PiS","Piotr","Polak",NA,"NO",1,34
1,"2024-04-10T11:25:33","ELECTRONIC",338,85,9,1,10,"9. posiedzenie Sejmu RP w dniach 10, 11 i 12 kwietnia 2024 r.","Wniosek o przerwę",373,302,"KO","Agnieszka","Pomaska","Dominika","NO",1,34
1,"2024-04-10T11:25:33","ELECTRONIC",338,85,9,1,10,"9. posiedzenie Sejmu RP w dniach 10, 11 i 12 kwietnia 2024 r.","Wniosek o przerwę",373,303,"PiS","Marcin","Porzucek","Bartosz","NO",1,34
1,"2024-04-10T11:25:33","ELECTRONIC",338,85,9,1,10,"9. posiedzenie Sejmu RP w dniach 10, 11 i 12 kwietnia 2024 r.","Wniosek o przerwę",373,304,"KO","Jacek","Protas",NA,"NO",1,34
1,"2024-04-10T11:25:33","ELECTRONIC",338,85,9,1,10,"9. posiedzenie Sejmu RP w dniach 10, 11 i 12 kwietnia 2024 r.","Wniosek o przerwę",373,305,"PiS","Marcin","Przydacz","Paweł","NO",1,34
1,"2024-04-10T11:25:33","ELECTRONIC",338,85,9,1,10,"9. posiedzenie Sejmu RP w dniach 10, 11 i 12 kwietnia 2024 r.","Wniosek o przerwę",373,306,"PiS","Grzegorz","Puda","Paweł","NO",1,34
1,"2024-04-10T11:25:33","ELECTRONIC",338,85,9,1,10,"9. posiedzenie Sejmu RP w dniach 10, 11 i 12 kwietnia 2024 r.","Wniosek o przerwę",373,307,"PSL-TD","Michał","Pyrzyk",NA,"NO",1,34
1,"2024-04-10T11:25:33","ELECTRONIC",338,85,9,1,10,"9. posiedzenie Sejmu RP w dniach 10, 11 i 12 kwietnia 2024 r.","Wniosek o przerwę",373,308,"KO","Renata","Rak","Urszula","NO",1,34
1,"2024-04-10T11:25:33","ELECTRONIC",338,85,9,1,10,"9. posiedzenie Sejmu RP w dniach 10, 11 i 12 kwietnia 2024 r.","Wniosek o przerwę",373,309,"PSL-TD","Ireneusz","Raś",NA,"NO",1,34
1,"2024-04-10T11:25:33","ELECTRONIC",338,85,9,1,10,"9. posiedzenie Sejmu RP w dniach 10, 11 i 12 kwietnia 2024 r.","Wniosek o przerwę",373,310,"PiS","Zbigniew","Rau","Włodzimierz","NO",1,34
1,"2024-04-10T11:25:33","ELECTRONIC",338,85,9,1,10,"9. posiedzenie Sejmu RP w dniach 10, 11 i 12 kwietnia 2024 r.","Wniosek o przerwę",373,311,"PiS","Marcin","Romanowski",NA,"ABSENT",1,34
1,"2024-04-10T11:25:33","ELECTRONIC",338,85,9,1,10,"9. posiedzenie Sejmu RP w dniach 10, 11 i 12 kwietnia 2024 r.","Wniosek o przerwę",373,312,"Polska2050-TD","Bartosz","Romowicz",NA,"NO",1,34
1,"2024-04-10T11:25:33","ELECTRONIC",338,85,9,1,10,"9. posiedzenie Sejmu RP w dniach 10, 11 i 12 kwietnia 2024 r.","Wniosek o przerwę",373,313,"KO","Monika","Rosa","Anna","NO",1,34
1,"2024-04-10T11:25:33","ELECTRONIC",338,85,9,1,10,"9. posiedzenie Sejmu RP w dniach 10, 11 i 12 kwietnia 2024 r.","Wniosek o przerwę",373,314,"PSL-TD","Wiesław","Różyński","Marian","NO",1,34
1,"2024-04-10T11:25:33","ELECTRONIC",338,85,9,1,10,"9. posiedzenie Sejmu RP w dniach 10, 11 i 12 kwietnia 2024 r.","Wniosek o przerwę",373,315,"PiS","Urszula","Rusecka","Beata","NO",1,34
1,"2024-04-10T11:25:33","ELECTRONIC",338,85,9,1,10,"9. posiedzenie Sejmu RP w dniach 10, 11 i 12 kwietnia 2024 r.","Wniosek o przerwę",373,316,"KO","Grzegorz","Rusiecki","Stanisław","ABSENT",1,34
1,"2024-04-10T11:25:33","ELECTRONIC",338,85,9,1,10,"9. posiedzenie Sejmu RP w dniach 10, 11 i 12 kwietnia 2024 r.","Wniosek o przerwę",373,317,"KO","Jakub","Rutnicki","Adam","NO",1,34
1,"2024-04-10T11:25:33","ELECTRONIC",338,85,9,1,10,"9. posiedzenie Sejmu RP w dniach 10, 11 i 12 kwietnia 2024 r.","Wniosek o przerwę",373,318,"PiS","Paweł","Rychlik","Piotr","NO",1,34
1,"2024-04-10T11:25:33","ELECTRONIC",338,85,9,1,10,"9. posiedzenie Sejmu RP w dniach 10, 11 i 12 kwietnia 2024 r.","Wniosek o przerwę",373,319,"KO","Marek","Rząsa","Zdzisław","NO",1,34
1,"2024-04-10T11:25:33","ELECTRONIC",338,85,9,1,10,"9. posiedzenie Sejmu RP w dniach 10, 11 i 12 kwietnia 2024 r.","Wniosek o przerwę",373,320,"PSL-TD","Jarosław","Rzepa","Michał","NO",1,34
1,"2024-04-10T11:25:33","ELECTRONIC",338,85,9,1,10,"9. posiedzenie Sejmu RP w dniach 10, 11 i 12 kwietnia 2024 r.","Wniosek o przerwę",373,321,"Kukiz15","Jarosław","Sachajko",NA,"YES",1,34
1,"2024-04-10T11:25:33","ELECTRONIC",338,85,9,1,10,"9. posiedzenie Sejmu RP w dniach 10, 11 i 12 kwietnia 2024 r.","Wniosek o przerwę",373,322,"PiS","Paweł","Sałek",NA,"NO",1,34
1,"2024-04-10T11:25:33","ELECTRONIC",338,85,9,1,10,"9. posiedzenie Sejmu RP w dniach 10, 11 i 12 kwietnia 2024 r.","Wniosek o przerwę",373,323,"KO","Wojciech","Saługa","Paweł","NO",1,34
1,"2024-04-10T11:25:33","ELECTRONIC",338,85,9,1,10,"9. posiedzenie Sejmu RP w dniach 10, 11 i 12 kwietnia 2024 r.","Wniosek o przerwę",373,324,"PSL-TD","Tadeusz","Samborski",NA,"NO",1,34
1,"2024-04-10T11:25:33","ELECTRONIC",338,85,9,1,10,"9. posiedzenie Sejmu RP w dniach 10, 11 i 12 kwietnia 2024 r.","Wniosek o przerwę",373,325,"PiS","Jacek","Sasin","Robert","NO",1,34
1,"2024-04-10T11:25:33","ELECTRONIC",338,85,9,1,10,"9. posiedzenie Sejmu RP w dniach 10, 11 i 12 kwietnia 2024 r.","Wniosek o przerwę",373,326,"PSL-TD","Marek","Sawicki","Wacław","NO",1,34
1,"2024-04-10T11:25:33","ELECTRONIC",338,85,9,1,10,"9. posiedzenie Sejmu RP w dniach 10, 11 i 12 kwietnia 2024 r.","Wniosek o przerwę",373,327,"Polska2050-TD","Ewa","Schädler","Katarzyna","NO",1,34
1,"2024-04-10T11:25:33","ELECTRONIC",338,85,9,1,10,"9. posiedzenie Sejmu RP w dniach 10, 11 i 12 kwietnia 2024 r.","Wniosek o przerwę",373,328,"Lewica","Joanna","Scheuring-Wielgus","Izabela","NO",1,34
1,"2024-04-10T11:25:33","ELECTRONIC",338,85,9,1,10,"9. posiedzenie Sejmu RP w dniach 10, 11 i 12 kwietnia 2024 r.","Wniosek o przerwę",373,329,"PiS","Anna","Schmidt","Katarzyna","ABSENT",1,34
1,"2024-04-10T11:25:33","ELECTRONIC",338,85,9,1,10,"9. posiedzenie Sejmu RP w dniach 10, 11 i 12 kwietnia 2024 r.","Wniosek o przerwę",373,330,"PiS","Łukasz","Schreiber",NA,"NO",1,34
1,"2024-04-10T11:25:33","ELECTRONIC",338,85,9,1,10,"9. posiedzenie Sejmu RP w dniach 10, 11 i 12 kwietnia 2024 r.","Wniosek o przerwę",373,331,"PiS","Jarosław","Sellin","Daniel","NO",1,34
1,"2024-04-10T11:25:33","ELECTRONIC",338,85,9,1,10,"9. posiedzenie Sejmu RP w dniach 10, 11 i 12 kwietnia 2024 r.","Wniosek o przerwę",373,332,"PiS","Olga","Semeniuk-Patkowska","Ewa","NO",1,34
1,"2024-04-10T11:25:33","ELECTRONIC",338,85,9,1,10,"9. posiedzenie Sejmu RP w dniach 10, 11 i 12 kwietnia 2024 r.","Wniosek o przerwę",373,333,"PiS","Edward","Siarka",NA,"NO",1,34
1,"2024-04-10T11:25:33","ELECTRONIC",338,85,9,1,10,"9. posiedzenie Sejmu RP w dniach 10, 11 i 12 kwietnia 2024 r.","Wniosek o przerwę",373,334,"KO","Krystyna","Sibińska","Mieczysława","NO",1,34
1,"2024-04-10T11:25:33","ELECTRONIC",338,85,9,1,10,"9. posiedzenie Sejmu RP w dniach 10, 11 i 12 kwietnia 2024 r.","Wniosek o przerwę",373,335,"PSL-TD","Czesław","Siekierski","Adam","ABSENT",1,34
1,"2024-04-10T11:25:33","ELECTRONIC",338,85,9,1,10,"9. posiedzenie Sejmu RP w dniach 10, 11 i 12 kwietnia 2024 r.","Wniosek o przerwę",373,336,"KO","Rafał","Siemaszko",NA,"NO",1,34
1,"2024-04-10T11:25:33","ELECTRONIC",338,85,9,1,10,"9. posiedzenie Sejmu RP w dniach 10, 11 i 12 kwietnia 2024 r.","Wniosek o przerwę",373,337,"KO","Tomasz","Siemoniak",NA,"NO",1,34
1,"2024-04-10T11:25:33","ELECTRONIC",338,85,9,1,10,"9. posiedzenie Sejmu RP w dniach 10, 11 i 12 kwietnia 2024 r.","Wniosek o przerwę",373,338,"KO","Bartłomiej","Sienkiewicz","Henryk","NO",1,34
1,"2024-04-10T11:25:33","ELECTRONIC",338,85,9,1,10,"9. posiedzenie Sejmu RP w dniach 10, 11 i 12 kwietnia 2024 r.","Wniosek o przerwę",373,339,"Lewica","Arkadiusz","Sikora","-","NO",1,34
1,"2024-04-10T11:25:33","ELECTRONIC",338,85,9,1,10,"9. posiedzenie Sejmu RP w dniach 10, 11 i 12 kwietnia 2024 r.","Wniosek o przerwę",373,340,"Konfederacja","Włodzimierz","Skalik","Bogdan","YES",1,34
1,"2024-04-10T11:25:33","ELECTRONIC",338,85,9,1,10,"9. posiedzenie Sejmu RP w dniach 10, 11 i 12 kwietnia 2024 r.","Wniosek o przerwę",373,341,"Polska2050-TD","Marcin","Skonieczka","Seweryn","NO",1,34
1,"2024-04-10T11:25:33","ELECTRONIC",338,85,9,1,10,"9. posiedzenie Sejmu RP w dniach 10, 11 i 12 kwietnia 2024 r.","Wniosek o przerwę",373,342,"KO","Krystyna","Skowrońska",NA,"NO",1,34
1,"2024-04-10T11:25:33","ELECTRONIC",338,85,9,1,10,"9. posiedzenie Sejmu RP w dniach 10, 11 i 12 kwietnia 2024 r.","Wniosek o przerwę",373,343,"PiS","Sławomir","Skwarek",NA,"NO",1,34
1,"2024-04-10T11:25:33","ELECTRONIC",338,85,9,1,10,"9. posiedzenie Sejmu RP w dniach 10, 11 i 12 kwietnia 2024 r.","Wniosek o przerwę",373,344,"KO","Waldemar","Sługocki","Jan","NO",1,34
1,"2024-04-10T11:25:33","ELECTRONIC",338,85,9,1,10,"9. posiedzenie Sejmu RP w dniach 10, 11 i 12 kwietnia 2024 r.","Wniosek o przerwę",373,345,"KO","Weronika","Smarduch","Anna","NO",1,34
1,"2024-04-10T11:25:33","ELECTRONIC",338,85,9,1,10,"9. posiedzenie Sejmu RP w dniach 10, 11 i 12 kwietnia 2024 r.","Wniosek o przerwę",373,346,"PiS","Kazimierz","Smoliński",NA,"NO",1,34
1,"2024-04-10T11:25:33","ELECTRONIC",338,85,9,1,10,"9. posiedzenie Sejmu RP w dniach 10, 11 i 12 kwietnia 2024 r.","Wniosek o przerwę",373,347,"KO","Anna","Sobolak","Helena","NO",1,34
1,"2024-04-10T11:25:33","ELECTRONIC",338,85,9,1,10,"9. posiedzenie Sejmu RP w dniach 10, 11 i 12 kwietnia 2024 r.","Wniosek o przerwę",373,348,"PiS","Krzysztof","Sobolewski",NA,"NO",1,34
1,"2024-04-10T11:25:33","ELECTRONIC",338,85,9,1,10,"9. posiedzenie Sejmu RP w dniach 10, 11 i 12 kwietnia 2024 r.","Wniosek o przerwę",373,350,"PiS","Agnieszka","Soin","Anna","NO",1,34
1,"2024-04-10T11:25:33","ELECTRONIC",338,85,9,1,10,"9. posiedzenie Sejmu RP w dniach 10, 11 i 12 kwietnia 2024 r.","Wniosek o przerwę",373,351,"PSL-TD","Zbigniew","Sosnowski",NA,"NO",1,34
1,"2024-04-10T11:25:33","ELECTRONIC",338,85,9,1,10,"9. posiedzenie Sejmu RP w dniach 10, 11 i 12 kwietnia 2024 r.","Wniosek o przerwę",373,352,"KO","Marek","Sowa","Jan","NO",1,34
1,"2024-04-10T11:25:33","ELECTRONIC",338,85,9,1,10,"9. posiedzenie Sejmu RP w dniach 10, 11 i 12 kwietnia 2024 r.","Wniosek o przerwę",373,353,"PiS","Katarzyna","Sójka",NA,"ABSENT",1,34
1,"2024-04-10T11:25:33","ELECTRONIC",338,85,9,1,10,"9. posiedzenie Sejmu RP w dniach 10, 11 i 12 kwietnia 2024 r.","Wniosek o przerwę",373,354,"PSL-TD","Magdalena","Sroka","Joanna","NO",1,34
1,"2024-04-10T11:25:33","ELECTRONIC",338,85,9,1,10,"9. posiedzenie Sejmu RP w dniach 10, 11 i 12 kwietnia 2024 r.","Wniosek o przerwę",373,355,"PiS","Mirosława","Stachowiak-Różecka","Agnieszka","NO",1,34
1,"2024-04-10T11:25:33","ELECTRONIC",338,85,9,1,10,"9. posiedzenie Sejmu RP w dniach 10, 11 i 12 kwietnia 2024 r.","Wniosek o przerwę",373,356,"PiS","Dariusz","Stefaniuk","Paweł","ABSENT",1,34
1,"2024-04-10T11:25:33","ELECTRONIC",338,85,9,1,10,"9. posiedzenie Sejmu RP w dniach 10, 11 i 12 kwietnia 2024 r.","Wniosek o przerwę",373,357,"KO","Franciszek","Sterczewski","Wojciech","NO",1,34
1,"2024-04-10T11:25:33","ELECTRONIC",338,85,9,1,10,"9. posiedzenie Sejmu RP w dniach 10, 11 i 12 kwietnia 2024 r.","Wniosek o przerwę",373,358,"Polska2050-TD","Piotr","Strach","Paweł","NO",1,34
1,"2024-04-10T11:25:33","ELECTRONIC",338,85,9,1,10,"9. posiedzenie Sejmu RP w dniach 10, 11 i 12 kwietnia 2024 r.","Wniosek o przerwę",373,359,"Polska2050-TD","Mirosław","Suchoń","Tadeusz","NO",1,34
1,"2024-04-10T11:25:33","ELECTRONIC",338,85,9,1,10,"9. posiedzenie Sejmu RP w dniach 10, 11 i 12 kwietnia 2024 r.","Wniosek o przerwę",373,360,"PiS","Marek","Suski",NA,"NO",1,34
1,"2024-04-10T11:25:33","ELECTRONIC",338,85,9,1,10,"9. posiedzenie Sejmu RP w dniach 10, 11 i 12 kwietnia 2024 r.","Wniosek o przerwę",373,361,"KO","Paweł","Suski",NA,"NO",1,34
1,"2024-04-10T11:25:33","ELECTRONIC",338,85,9,1,10,"9. posiedzenie Sejmu RP w dniach 10, 11 i 12 kwietnia 2024 r.","Wniosek o przerwę",373,362,"PiS","Artur","Szałabawka","Lesław","ABSENT",1,34
1,"2024-04-10T11:25:33","ELECTRONIC",338,85,9,1,10,"9. posiedzenie Sejmu RP w dniach 10, 11 i 12 kwietnia 2024 r.","Wniosek o przerwę",373,363,"PiS","Wojciech","Szarama","Piotr","YES",1,34
1,"2024-04-10T11:25:33","ELECTRONIC",338,85,9,1,10,"9. posiedzenie Sejmu RP w dniach 10, 11 i 12 kwietnia 2024 r.","Wniosek o przerwę",373,364,"Lewica","Wiesław","Szczepański","Andrzej","NO",1,34
1,"2024-04-10T11:25:33","ELECTRONIC",338,85,9,1,10,"9. posiedzenie Sejmu RP w dniach 10, 11 i 12 kwietnia 2024 r.","Wniosek o przerwę",373,365,"KO","Michał","Szczerba","Roch","NO",1,34
1,"2024-04-10T11:25:33","ELECTRONIC",338,85,9,1,10,"9. posiedzenie Sejmu RP w dniach 10, 11 i 12 kwietnia 2024 r.","Wniosek o przerwę",373,366,"PiS","Krzysztof","Szczucki","Łukasz","NO",1,34
1,"2024-04-10T11:25:33","ELECTRONIC",338,85,9,1,10,"9. posiedzenie Sejmu RP w dniach 10, 11 i 12 kwietnia 2024 r.","Wniosek o przerwę",373,367,"PiS","Józefa","Szczurek-Żelazko",NA,"NO",1,34
1,"2024-04-10T11:25:33","ELECTRONIC",338,85,9,1,10,"9. posiedzenie Sejmu RP w dniach 10, 11 i 12 kwietnia 2024 r.","Wniosek o przerwę",373,368,"PiS","Paweł","Szefernaker","Maciej","ABSENT",1,34
1,"2024-04-10T11:25:33","ELECTRONIC",338,85,9,1,10,"9. posiedzenie Sejmu RP w dniach 10, 11 i 12 kwietnia 2024 r.","Wniosek o przerwę",373,369,"Lewica","Andrzej","Szejna","Jan","NO",1,34
1,"2024-04-10T11:25:33","ELECTRONIC",338,85,9,1,10,"9. posiedzenie Sejmu RP w dniach 10, 11 i 12 kwietnia 2024 r.","Wniosek o przerwę",373,370,"KO","Andrzej","Szewiński",NA,"NO",1,34
1,"2024-04-10T11:25:33","ELECTRONIC",338,85,9,1,10,"9. posiedzenie Sejmu RP w dniach 10, 11 i 12 kwietnia 2024 r.","Wniosek o przerwę",373,371,"KO","Adam","Szłapka","Stanisław","NO",1,34
1,"2024-04-10T11:25:33","ELECTRONIC",338,85,9,1,10,"9. posiedzenie Sejmu RP w dniach 10, 11 i 12 kwietnia 2024 r.","Wniosek o przerwę",373,372,"KO","Henryk","Szopiński","Marian","NO",1,34
1,"2024-04-10T11:25:33","ELECTRONIC",338,85,9,1,10,"9. posiedzenie Sejmu RP w dniach 10, 11 i 12 kwietnia 2024 r.","Wniosek o przerwę",373,373,"PiS","Paweł","Szrot",NA,"YES",1,34
1,"2024-04-10T11:25:33","ELECTRONIC",338,85,9,1,10,"9. posiedzenie Sejmu RP w dniach 10, 11 i 12 kwietnia 2024 r.","Wniosek o przerwę",373,374,"KO","Krystyna","Szumilas","Maria","NO",1,34
1,"2024-04-10T11:25:33","ELECTRONIC",338,85,9,1,10,"9. posiedzenie Sejmu RP w dniach 10, 11 i 12 kwietnia 2024 r.","Wniosek o przerwę",373,375,"PiS","Stanisław","Szwed",NA,"NO",1,34
1,"2024-04-10T11:25:33","ELECTRONIC",338,85,9,1,10,"9. posiedzenie Sejmu RP w dniach 10, 11 i 12 kwietnia 2024 r.","Wniosek o przerwę",373,376,"Polska2050-TD","Ewa","Szymanowska","Joanna","NO",1,34
1,"2024-04-10T11:25:33","ELECTRONIC",338,85,9,1,10,"9. posiedzenie Sejmu RP w dniach 10, 11 i 12 kwietnia 2024 r.","Wniosek o przerwę",373,377,"KO","Tomasz","Szymański","Józef","NO",1,34
1,"2024-04-10T11:25:33","ELECTRONIC",338,85,9,1,10,"9. posiedzenie Sejmu RP w dniach 10, 11 i 12 kwietnia 2024 r.","Wniosek o przerwę",373,378,"PiS","Szymon","Szynkowski vel Sęk","Andrzej","ABSENT",1,34
1,"2024-04-10T11:25:33","ELECTRONIC",338,85,9,1,10,"9. posiedzenie Sejmu RP w dniach 10, 11 i 12 kwietnia 2024 r.","Wniosek o przerwę",373,379,"KO","Łukasz","Ściebiorowski","Andrzej","NO",1,34
1,"2024-04-10T11:25:33","ELECTRONIC",338,85,9,1,10,"9. posiedzenie Sejmu RP w dniach 10, 11 i 12 kwietnia 2024 r.","Wniosek o przerwę",373,380,"PiS","Agnieszka","Ścigaj",NA,"YES",1,34
1,"2024-04-10T11:25:33","ELECTRONIC",338,85,9,1,10,"9. posiedzenie Sejmu RP w dniach 10, 11 i 12 kwietnia 2024 r.","Wniosek o przerwę",373,381,"PiS","Andrzej","Śliwka",NA,"NO",1,34
1,"2024-04-10T11:25:33","ELECTRONIC",338,85,9,1,10,"9. posiedzenie Sejmu RP w dniach 10, 11 i 12 kwietnia 2024 r.","Wniosek o przerwę",373,382,"Polska2050-TD","Paweł","Śliz","Marek","NO",1,34
1,"2024-04-10T11:25:33","ELECTRONIC",338,85,9,1,10,"9. posiedzenie Sejmu RP w dniach 10, 11 i 12 kwietnia 2024 r.","Wniosek o przerwę",373,383,"Lewica","Krzysztof","Śmiszek","Jan","NO",1,34
1,"2024-04-10T11:25:33","ELECTRONIC",338,85,9,1,10,"9. posiedzenie Sejmu RP w dniach 10, 11 i 12 kwietnia 2024 r.","Wniosek o przerwę",373,384,"PiS","Jacek","Świat",NA,"NO",1,34
1,"2024-04-10T11:25:33","ELECTRONIC",338,85,9,1,10,"9. posiedzenie Sejmu RP w dniach 10, 11 i 12 kwietnia 2024 r.","Wniosek o przerwę",373,385,"KO","Apoloniusz","Tajner","Leopold","NO",1,34
1,"2024-04-10T11:25:33","ELECTRONIC",338,85,9,1,10,"9. posiedzenie Sejmu RP w dniach 10, 11 i 12 kwietnia 2024 r.","Wniosek o przerwę",373,386,"PiS","Krzysztof","Tchórzewski",NA,"NO",1,34
1,"2024-04-10T11:25:33","ELECTRONIC",338,85,9,1,10,"9. posiedzenie Sejmu RP w dniach 10, 11 i 12 kwietnia 2024 r.","Wniosek o przerwę",373,387,"PiS","Robert","Telus",NA,"NO",1,34
1,"2024-04-10T11:25:33","ELECTRONIC",338,85,9,1,10,"9. posiedzenie Sejmu RP w dniach 10, 11 i 12 kwietnia 2024 r.","Wniosek o przerwę",373,388,"PiS","Ryszard","Terlecki","Iwon","ABSENT",1,34
1,"2024-04-10T11:25:33","ELECTRONIC",338,85,9,1,10,"9. posiedzenie Sejmu RP w dniach 10, 11 i 12 kwietnia 2024 r.","Wniosek o przerwę",373,389,"Lewica","Tadeusz","Tomaszewski",NA,"NO",1,34
1,"2024-04-10T11:25:33","ELECTRONIC",338,85,9,1,10,"9. posiedzenie Sejmu RP w dniach 10, 11 i 12 kwietnia 2024 r.","Wniosek o przerwę",373,390,"PSL-TD","Jacek","Tomczak","Jerzy","NO",1,34
1,"2024-04-10T11:25:33","ELECTRONIC",338,85,9,1,10,"9. posiedzenie Sejmu RP w dniach 10, 11 i 12 kwietnia 2024 r.","Wniosek o przerwę",373,391,"Polska2050-TD","Wioleta","Tomczak","Barbara","ABSENT",1,34
1,"2024-04-10T11:25:33","ELECTRONIC",338,85,9,1,10,"9. posiedzenie Sejmu RP w dniach 10, 11 i 12 kwietnia 2024 r.","Wniosek o przerwę",373,392,"KO","Cezary","Tomczyk","Józef","NO",1,34
1,"2024-04-10T11:25:33","ELECTRONIC",338,85,9,1,10,"9. posiedzenie Sejmu RP w dniach 10, 11 i 12 kwietnia 2024 r.","Wniosek o przerwę",373,393,"PSL-TD","Stanisław","Tomczyszyn",NA,"NO",1,34
1,"2024-04-10T11:25:33","ELECTRONIC",338,85,9,1,10,"9. posiedzenie Sejmu RP w dniach 10, 11 i 12 kwietnia 2024 r.","Wniosek o przerwę",373,394,"KO","Małgorzata","Tracz","Elżbieta","NO",1,34
1,"2024-04-10T11:25:33","ELECTRONIC",338,85,9,1,10,"9. posiedzenie Sejmu RP w dniach 10, 11 i 12 kwietnia 2024 r.","Wniosek o przerwę",373,395,"Lewica","Tomasz","Trela","Dominik","NO",1,34
1,"2024-04-10T11:25:33","ELECTRONIC",338,85,9,1,10,"9. posiedzenie Sejmu RP w dniach 10, 11 i 12 kwietnia 2024 r.","Wniosek o przerwę",373,396,"KO","Krzysztof","Truskolaski",NA,"NO",1,34
1,"2024-04-10T11:25:33","ELECTRONIC",338,85,9,1,10,"9. posiedzenie Sejmu RP w dniach 10, 11 i 12 kwietnia 2024 r.","Wniosek o przerwę",373,397,"Konfederacja","Krzysztof","Tuduj",NA,"YES",1,34
1,"2024-04-10T11:25:33","ELECTRONIC",338,85,9,1,10,"9. posiedzenie Sejmu RP w dniach 10, 11 i 12 kwietnia 2024 r.","Wniosek o przerwę",373,398,"PiS","Sylwester","Tułajew","Karol","NO",1,34
1,"2024-04-10T11:25:33","ELECTRONIC",338,85,9,1,10,"9. posiedzenie Sejmu RP w dniach 10, 11 i 12 kwietnia 2024 r.","Wniosek o przerwę",373,399,"Konfederacja","Witold","Tumanowicz","Sławomir","YES",1,34
1,"2024-04-10T11:25:33","ELECTRONIC",338,85,9,1,10,"9. posiedzenie Sejmu RP w dniach 10, 11 i 12 kwietnia 2024 r.","Wniosek o przerwę",373,400,"KO","Donald","Tusk","Franciszek","ABSENT",1,34
1,"2024-04-10T11:25:33","ELECTRONIC",338,85,9,1,10,"9. posiedzenie Sejmu RP w dniach 10, 11 i 12 kwietnia 2024 r.","Wniosek o przerwę",373,401,"Konfederacja","Stanisław","Tyszka",NA,"ABSENT",1,34
1,"2024-04-10T11:25:33","ELECTRONIC",338,85,9,1,10,"9. posiedzenie Sejmu RP w dniach 10, 11 i 12 kwietnia 2024 r.","Wniosek o przerwę",373,402,"Lewica","Katarzyna","Ueberhan",NA,"NO",1,34
1,"2024-04-10T11:25:33","ELECTRONIC",338,85,9,1,10,"9. posiedzenie Sejmu RP w dniach 10, 11 i 12 kwietnia 2024 r.","Wniosek o przerwę",373,403,"KO","Jarosław","Urbaniak","Piotr","ABSENT",1,34
1,"2024-04-10T11:25:33","ELECTRONIC",338,85,9,1,10,"9. posiedzenie Sejmu RP w dniach 10, 11 i 12 kwietnia 2024 r.","Wniosek o przerwę",373,404,"PiS","Piotr","Uruski","Marcin","YES",1,34
1,"2024-04-10T11:25:33","ELECTRONIC",338,85,9,1,10,"9. posiedzenie Sejmu RP w dniach 10, 11 i 12 kwietnia 2024 r.","Wniosek o przerwę",373,405,"PiS","Piotr","Uściński",NA,"NO",1,34
1,"2024-04-10T11:25:33","ELECTRONIC",338,85,9,1,10,"9. posiedzenie Sejmu RP w dniach 10, 11 i 12 kwietnia 2024 r.","Wniosek o przerwę",373,406,"KO","Jarosław","Wałęsa","Leszek","NO",1,34
1,"2024-04-10T11:25:33","ELECTRONIC",338,85,9,1,10,"9. posiedzenie Sejmu RP w dniach 10, 11 i 12 kwietnia 2024 r.","Wniosek o przerwę",373,407,"PiS","Marcin","Warchoł","Józef","YES",1,34
1,"2024-04-10T11:25:33","ELECTRONIC",338,85,9,1,10,"9. posiedzenie Sejmu RP w dniach 10, 11 i 12 kwietnia 2024 r.","Wniosek o przerwę",373,408,"KO","Robert","Wardzała","Marian","NO",1,34
1,"2024-04-10T11:25:33","ELECTRONIC",338,85,9,1,10,"9. posiedzenie Sejmu RP w dniach 10, 11 i 12 kwietnia 2024 r.","Wniosek o przerwę",373,409,"PiS","Robert","Warwas","Piotr","NO",1,34
1,"2024-04-10T11:25:33","ELECTRONIC",338,85,9,1,10,"9. posiedzenie Sejmu RP w dniach 10, 11 i 12 kwietnia 2024 r.","Wniosek o przerwę",373,410,"PiS","Jan","Warzecha","Marek","NO",1,34
1,"2024-04-10T11:25:33","ELECTRONIC",338,85,9,1,10,"9. posiedzenie Sejmu RP w dniach 10, 11 i 12 kwietnia 2024 r.","Wniosek o przerwę",373,411,"PiS","Małgorzata","Wassermann","Ewa","NO",1,34
1,"2024-04-10T11:25:33","ELECTRONIC",338,85,9,1,10,"9. posiedzenie Sejmu RP w dniach 10, 11 i 12 kwietnia 2024 r.","Wniosek o przerwę",373,412,"Konfederacja","Michał","Wawer","Jan","YES",1,34
1,"2024-04-10T11:25:33","ELECTRONIC",338,85,9,1,10,"9. posiedzenie Sejmu RP w dniach 10, 11 i 12 kwietnia 2024 r.","Wniosek o przerwę",373,414,"KO","Marta","Wcisło","Anna","NO",1,34
1,"2024-04-10T11:25:33","ELECTRONIC",338,85,9,1,10,"9. posiedzenie Sejmu RP w dniach 10, 11 i 12 kwietnia 2024 r.","Wniosek o przerwę",373,415,"PiS","Rafał","Weber",NA,"ABSENT",1,34
1,"2024-04-10T11:25:33","ELECTRONIC",338,85,9,1,10,"9. posiedzenie Sejmu RP w dniach 10, 11 i 12 kwietnia 2024 r.","Wniosek o przerwę",373,416,"PiS","Marek","Wesoły","Jacek","ABSENT",1,34
1,"2024-04-10T11:25:33","ELECTRONIC",338,85,9,1,10,"9. posiedzenie Sejmu RP w dniach 10, 11 i 12 kwietnia 2024 r.","Wniosek o przerwę",373,417,"Lewica","Joanna","Wicha","Beata","NO",1,34
1,"2024-04-10T11:25:33","ELECTRONIC",338,85,9,1,10,"9. posiedzenie Sejmu RP w dniach 10, 11 i 12 kwietnia 2024 r.","Wniosek o przerwę",373,418,"PiS","Patryk","Wicher","Tomasz","ABSENT",1,34
1,"2024-04-10T11:25:33","ELECTRONIC",338,85,9,1,10,"9. posiedzenie Sejmu RP w dniach 10, 11 i 12 kwietnia 2024 r.","Wniosek o przerwę",373,419,"Lewica","Dariusz","Wieczorek","Krzysztof","NO",1,34
1,"2024-04-10T11:25:33","ELECTRONIC",338,85,9,1,10,"9. posiedzenie Sejmu RP w dniach 10, 11 i 12 kwietnia 2024 r.","Wniosek o przerwę",373,420,"PiS","Jarosław","Wieczorek","Wiesław","ABSENT",1,34
1,"2024-04-10T11:25:33","ELECTRONIC",338,85,9,1,10,"9. posiedzenie Sejmu RP w dniach 10, 11 i 12 kwietnia 2024 r.","Wniosek o przerwę",373,421,"KO","Monika","Wielichowska",NA,"NO",1,34
1,"2024-04-10T11:25:33","ELECTRONIC",338,85,9,1,10,"9. posiedzenie Sejmu RP w dniach 10, 11 i 12 kwietnia 2024 r.","Wniosek o przerwę",373,422,"Konfederacja","Ryszard","Wilk","Jakub","ABSENT",1,34
1,"2024-04-10T11:25:33","ELECTRONIC",338,85,9,1,10,"9. posiedzenie Sejmu RP w dniach 10, 11 i 12 kwietnia 2024 r.","Wniosek o przerwę",373,423,"PiS","Teresa","Wilk",NA,"NO",1,34
1,"2024-04-10T11:25:33","ELECTRONIC",338,85,9,1,10,"9. posiedzenie Sejmu RP w dniach 10, 11 i 12 kwietnia 2024 r.","Wniosek o przerwę",373,424,"Konfederacja","Przemysław","Wipler","Janusz","YES",1,34
1,"2024-04-10T11:25:33","ELECTRONIC",338,85,9,1,10,"9. posiedzenie Sejmu RP w dniach 10, 11 i 12 kwietnia 2024 r.","Wniosek o przerwę",373,425,"KO","Aleksandra","Wiśniewska","Karolina","ABSENT",1,34
1,"2024-04-10T11:25:33","ELECTRONIC",338,85,9,1,10,"9. posiedzenie Sejmu RP w dniach 10, 11 i 12 kwietnia 2024 r.","Wniosek o przerwę",373,426,"KO","Adrian","Witczak",NA,"NO",1,34
1,"2024-04-10T11:25:33","ELECTRONIC",338,85,9,1,10,"9. posiedzenie Sejmu RP w dniach 10, 11 i 12 kwietnia 2024 r.","Wniosek o przerwę",373,427,"KO","Mariusz","Witczak","Sebastian","NO",1,34
1,"2024-04-10T11:25:33","ELECTRONIC",338,85,9,1,10,"9. posiedzenie Sejmu RP w dniach 10, 11 i 12 kwietnia 2024 r.","Wniosek o przerwę",373,428,"PiS","Elżbieta","Witek","Barbara","ABSENT",1,34
1,"2024-04-10T11:25:33","ELECTRONIC",338,85,9,1,10,"9. posiedzenie Sejmu RP w dniach 10, 11 i 12 kwietnia 2024 r.","Wniosek o przerwę",373,429,"KO","Przemysław","Witek","Jarosław","NO",1,34
1,"2024-04-10T11:25:33","ELECTRONIC",338,85,9,1,10,"9. posiedzenie Sejmu RP w dniach 10, 11 i 12 kwietnia 2024 r.","Wniosek o przerwę",373,430,"Polska2050-TD","Kamil","Wnuk","Wiesław","NO",1,34
1,"2024-04-10T11:25:33","ELECTRONIC",338,85,9,1,10,"9. posiedzenie Sejmu RP w dniach 10, 11 i 12 kwietnia 2024 r.","Wniosek o przerwę",373,431,"KO","Anna","Wojciechowska",NA,"NO",1,34
1,"2024-04-10T11:25:33","ELECTRONIC",338,85,9,1,10,"9. posiedzenie Sejmu RP w dniach 10, 11 i 12 kwietnia 2024 r.","Wniosek o przerwę",373,432,"PiS","Agnieszka","Wojciechowska van Heukelom","Krystyna","YES",1,34
1,"2024-04-10T11:25:33","ELECTRONIC",338,85,9,1,10,"9. posiedzenie Sejmu RP w dniach 10, 11 i 12 kwietnia 2024 r.","Wniosek o przerwę",373,433,"PiS","Agata","Wojtyszek","Katarzyna","NO",1,34
1,"2024-04-10T11:25:33","ELECTRONIC",338,85,9,1,10,"9. posiedzenie Sejmu RP w dniach 10, 11 i 12 kwietnia 2024 r.","Wniosek o przerwę",373,434,"KO","Bogusław","Wołoszański",NA,"NO",1,34
1,"2024-04-10T11:25:33","ELECTRONIC",338,85,9,1,10,"9. posiedzenie Sejmu RP w dniach 10, 11 i 12 kwietnia 2024 r.","Wniosek o przerwę",373,435,"PiS","Michał","Woś","Piotr","NO",1,34
1,"2024-04-10T11:25:33","ELECTRONIC",338,85,9,1,10,"9. posiedzenie Sejmu RP w dniach 10, 11 i 12 kwietnia 2024 r.","Wniosek o przerwę",373,436,"PiS","Grzegorz","Woźniak","Adam","NO",1,34
1,"2024-04-10T11:25:33","ELECTRONIC",338,85,9,1,10,"9. posiedzenie Sejmu RP w dniach 10, 11 i 12 kwietnia 2024 r.","Wniosek o przerwę",373,437,"PiS","Tadeusz","Woźniak","Jacek","NO",1,34
1,"2024-04-10T11:25:33","ELECTRONIC",338,85,9,1,10,"9. posiedzenie Sejmu RP w dniach 10, 11 i 12 kwietnia 2024 r.","Wniosek o przerwę",373,438,"PiS","Michał","Wójcik","Marek","NO",1,34
1,"2024-04-10T11:25:33","ELECTRONIC",338,85,9,1,10,"9. posiedzenie Sejmu RP w dniach 10, 11 i 12 kwietnia 2024 r.","Wniosek o przerwę",373,439,"KO","Maciej","Wróbel","Stanisław","NO",1,34
1,"2024-04-10T11:25:33","ELECTRONIC",338,85,9,1,10,"9. posiedzenie Sejmu RP w dniach 10, 11 i 12 kwietnia 2024 r.","Wniosek o przerwę",373,440,"PiS","Bartłomiej","Wróblewski","Piotr","YES",1,34
1,"2024-04-10T11:25:33","ELECTRONIC",338,85,9,1,10,"9. posiedzenie Sejmu RP w dniach 10, 11 i 12 kwietnia 2024 r.","Wniosek o przerwę",373,441,"Polska2050-TD","Paweł","Zalewski","Ksawery","NO",1,34
1,"2024-04-10T11:25:33","ELECTRONIC",338,85,9,1,10,"9. posiedzenie Sejmu RP w dniach 10, 11 i 12 kwietnia 2024 r.","Wniosek o przerwę",373,442,"Lewica","Adrian","Zandberg","Tadeusz","NO",1,34
1,"2024-04-10T11:25:33","ELECTRONIC",338,85,9,1,10,"9. posiedzenie Sejmu RP w dniach 10, 11 i 12 kwietnia 2024 r.","Wniosek o przerwę",373,443,"Konfederacja","Andrzej","Zapałowski","Tomasz","YES",1,34
1,"2024-04-10T11:25:33","ELECTRONIC",338,85,9,1,10,"9. posiedzenie Sejmu RP w dniach 10, 11 i 12 kwietnia 2024 r.","Wniosek o przerwę",373,444,"KO","Bartosz","Zawieja","Józef","NO",1,34
1,"2024-04-10T11:25:33","ELECTRONIC",338,85,9,1,10,"9. posiedzenie Sejmu RP w dniach 10, 11 i 12 kwietnia 2024 r.","Wniosek o przerwę",373,445,"Lewica","Marcelina","Zawisza","Monika","NO",1,34
1,"2024-04-10T11:25:33","ELECTRONIC",338,85,9,1,10,"9. posiedzenie Sejmu RP w dniach 10, 11 i 12 kwietnia 2024 r.","Wniosek o przerwę",373,446,"PiS","Sławomir","Zawiślak",NA,"ABSENT",1,34
1,"2024-04-10T11:25:33","ELECTRONIC",338,85,9,1,10,"9. posiedzenie Sejmu RP w dniach 10, 11 i 12 kwietnia 2024 r.","Wniosek o przerwę",373,447,"KO","Bogdan","Zdrojewski","Andrzej","NO",1,34
1,"2024-04-10T11:25:33","ELECTRONIC",338,85,9,1,10,"9. posiedzenie Sejmu RP w dniach 10, 11 i 12 kwietnia 2024 r.","Wniosek o przerwę",373,448,"KO","Witold","Zembaczyński","Maciej","NO",1,34
1,"2024-04-10T11:25:33","ELECTRONIC",338,85,9,1,10,"9. posiedzenie Sejmu RP w dniach 10, 11 i 12 kwietnia 2024 r.","Wniosek o przerwę",373,449,"PSL-TD","Piotr","Zgorzelski",NA,"NO",1,34
1,"2024-04-10T11:25:33","ELECTRONIC",338,85,9,1,10,"9. posiedzenie Sejmu RP w dniach 10, 11 i 12 kwietnia 2024 r.","Wniosek o przerwę",373,450,"PSL-TD","Zbigniew","Ziejewski",NA,"NO",1,34
1,"2024-04-10T11:25:33","ELECTRONIC",338,85,9,1,10,"9. posiedzenie Sejmu RP w dniach 10, 11 i 12 kwietnia 2024 r.","Wniosek o przerwę",373,451,"KO","Urszula","Zielińska","Sara","NO",1,34
1,"2024-04-10T11:25:33","ELECTRONIC",338,85,9,1,10,"9. posiedzenie Sejmu RP w dniach 10, 11 i 12 kwietnia 2024 r.","Wniosek o przerwę",373,452,"PiS","Jarosław","Zieliński",NA,"NO",1,34
1,"2024-04-10T11:25:33","ELECTRONIC",338,85,9,1,10,"9. posiedzenie Sejmu RP w dniach 10, 11 i 12 kwietnia 2024 r.","Wniosek o przerwę",373,453,"PiS","Tomasz","Zieliński","Andrzej","NO",1,34
1,"2024-04-10T11:25:33","ELECTRONIC",338,85,9,1,10,"9. posiedzenie Sejmu RP w dniach 10, 11 i 12 kwietnia 2024 r.","Wniosek o przerwę",373,454,"PSL-TD","Jolanta","Zięba-Gzik",NA,"NO",1,34
1,"2024-04-10T11:25:33","ELECTRONIC",338,85,9,1,10,"9. posiedzenie Sejmu RP w dniach 10, 11 i 12 kwietnia 2024 r.","Wniosek o przerwę",373,455,"Polska2050-TD","Tomasz","Zimoch","Franciszek","NO",1,34
1,"2024-04-10T11:25:33","ELECTRONIC",338,85,9,1,10,"9. posiedzenie Sejmu RP w dniach 10, 11 i 12 kwietnia 2024 r.","Wniosek o przerwę",373,456,"PiS","Zbigniew","Ziobro","Tadeusz","ABSENT",1,34
1,"2024-04-10T11:25:33","ELECTRONIC",338,85,9,1,10,"9. posiedzenie Sejmu RP w dniach 10, 11 i 12 kwietnia 2024 r.","Wniosek o przerwę",373,457,"PiS","Wojciech","Zubowski","Michał","ABSENT",1,34
1,"2024-04-10T11:25:33","ELECTRONIC",338,85,9,1,10,"9. posiedzenie Sejmu RP w dniach 10, 11 i 12 kwietnia 2024 r.","Wniosek o przerwę",373,458,"PiS","Ireneusz","Zyska",NA,"NO",1,34
1,"2024-04-10T11:25:33","ELECTRONIC",338,85,9,1,10,"9. posiedzenie Sejmu RP w dniach 10, 11 i 12 kwietnia 2024 r.","Wniosek o przerwę",373,459,"PSL-TD","Bożena","Żelazowska","Jadwiga","NO",1,34
1,"2024-04-10T11:25:33","ELECTRONIC",338,85,9,1,10,"9. posiedzenie Sejmu RP w dniach 10, 11 i 12 kwietnia 2024 r.","Wniosek o przerwę",373,460,"Lewica","Anna","Żukowska","Maria","NO",1,34
1,"2024-04-10T11:25:33","ELECTRONIC",338,85,9,1,10,"9. posiedzenie Sejmu RP w dniach 10, 11 i 12 kwietnia 2024 r.","Wniosek o przerwę",373,461,"PiS","Anna","Baluch",NA,"NO",1,34
1,"2024-04-10T11:25:33","ELECTRONIC",338,85,9,1,10,"9. posiedzenie Sejmu RP w dniach 10, 11 i 12 kwietnia 2024 r.","Wniosek o przerwę",373,462,"KO","Magdalena","Łośko",NA,"NO",1,34
1,"2024-04-10T11:25:33","ELECTRONIC",338,85,9,1,10,"9. posiedzenie Sejmu RP w dniach 10, 11 i 12 kwietnia 2024 r.","Wniosek o przerwę",373,463,"niez.","Monika","Pawłowska","Jolanta","NO",1,34
