"MP","club","firstName","lastName","listVotes.AST MAREK","listVotes.GASIUK-PIHOWICZ KAMILA","listVotes.KOWNACKI BARTOSZ JÓZEF","listVotes.KROPIWNICKI ROBERT","listVotes.MULARCZYK ARKADIUSZ","listVotes.SMOLIŃSKI KAZIMIERZ","listVotes.ZIMOCH TOMASZ FRANCISZEK","listVotes.ŻUKOWSKA ANNA MARIA","secondName","vote"
  1,"PiS","Andrzej","Adamczyk",YES,NO,YES,NO,YES,YES,NO,NO,"Mieczysław","VOTE_VALID"
  2,"KO","Piotr","Adamowicz",NO,YES,NO,YES,NO,NO,YES,YES,NA,"VOTE_VALID"
  3,"PiS","Adam","Andruszkiewicz",YES,NO,YES,NO,YES,YES,NO,NO,NA,"VOTE_VALID"
  4,"PiS","Waldemar","Andzel",YES,NO,YES,NO,YES,YES,NO,NO,"Franciszek","VOTE_VALID"
  5,"PiS","Dorota","Arciszewska-Mielewczyk",YES,NO,YES,NO,YES,YES,NO,NO,"Irvina","VOTE_VALID"
  6,"PiS","Jan","Ardanowski",YES,NO,YES,NO,YES,YES,NO,NO,"Krzysztof","VOTE_VALID"
  7,"PiS","Iwona","Arent",YES,NO,YES,NO,YES,YES,NO,NO,"Ewa","VOTE_VALID"
  8,"KO","Bartosz","Arłukowicz",NO,YES,NO,YES,NO,NO,YES,YES,"Adam","VOTE_VALID"
  9,"PiS","Marek","Ast",YES,NO,YES,NO,YES,YES,NO,NO,NA,"VOTE_VALID"
 10,"KO","Urszula","Augustyn",NO,YES,NO,YES,NO,NO,YES,YES,NA,"VOTE_VALID"
 11,"PiS","Piotr","Babinetz",YES,NO,YES,NO,YES,YES,NO,NO,"Mieczysław","VOTE_VALID"
 12,"PiS","Ryszard","Bartosik",YES,NO,YES,NO,YES,YES,NO,NO,NA,"VOTE_VALID"
 13,"PSL-TD","Władysław","Bartoszewski",NO,YES,NO,YES,NO,NO,YES,YES,"Teofil","VOTE_VALID"
 14,"PiS","Barbara","Bartuś",YES,NO,YES,NO,YES,YES,NO,NO,"Halina","VOTE_VALID"
 15,"PSL-TD","Paweł","Bejda",NO,YES,NO,YES,NO,NO,YES,YES,"Jan","VOTE_VALID"
 16,"Konfederacja","Konrad","Berkowicz",NO,NO,NO,NO,NO,NO,NO,NO,"Szczepan","VOTE_VALID"
 17,"KO","Sylwia","Bielawska",NO,YES,NO,YES,NO,NO,YES,YES,"Alina","VOTE_VALID"
 18,"PSL-TD","Marek","Biernacki",NO,YES,NO,YES,NO,NO,YES,YES,NA,"VOTE_VALID"
 19,"KO","Paweł","Bliźniuk",NO,YES,NO,YES,NO,NO,YES,YES,"Kazimierz","VOTE_VALID"
 20,"PiS","Mariusz","Błaszczak",YES,NO,YES,NO,YES,YES,NO,NO,NA,"VOTE_VALID"
 21,"KO","Mateusz","Bochenek",NO,YES,NO,YES,NO,NO,YES,YES,NA,"VOTE_VALID"
 22,"PiS","Rafał","Bochenek",YES,NO,YES,NO,YES,YES,NO,NO,"Paweł","VOTE_VALID"
 23,"Polska2050-TD","Izabela","Bodnar",NO,YES,NO,YES,NO,NO,YES,YES,"Anna","VOTE_VALID"
 24,"PiS","Jacek","Bogucki",YES,NO,YES,NO,YES,YES,NO,NO,NA,"VOTE_VALID"
 25,"PiS","Zbigniew","Bogucki",YES,NO,YES,NO,YES,YES,NO,NO,NA,"VOTE_VALID"
 26,"KO","Krzysztof","Bojarski",NO,YES,NO,YES,NO,NO,YES,YES,NA,"VOTE_VALID"
 27,"PiS","Joanna","Borowiak",YES,NO,YES,NO,YES,YES,NO,NO,"Beata","VOTE_VALID"
 28,"PiS","Kamil","Bortniczuk",YES,NO,YES,NO,YES,YES,NO,NO,NA,"VOTE_VALID"
 29,"KO","Piotr","Borys",NO,YES,NO,YES,NO,NO,YES,YES,NA,"VOTE_VALID"
 30,"PiS","Bożena","Borys-Szopa",YES,NO,YES,NO,YES,YES,NO,NO,"Teresa","VOTE_VALID"
 31,"KO","Marcin","Bosacki",NO,YES,NO,YES,NO,NO,YES,YES,"Rafał","VOTE_VALID"
 32,"Konfederacja","Karina","Bosak",NO,NO,NO,NO,NO,NO,NO,NO,"Anna","VOTE_VALID"
 33,"Konfederacja","Krzysztof","Bosak",NO,NO,NO,NO,NO,NO,NO,NO,NA,"VOTE_VALID"
 34,"Konfederacja","Grzegorz","Braun",NO,NO,NO,NO,NO,NO,NO,NO,"Michał","VOTE_VALID"
 35,"KO","Krzysztof","Brejza",NO,YES,NO,YES,NO,NO,YES,YES,NA,"VOTE_VALID"
 36,"Polska2050-TD","Agnieszka","Buczyńska",NO,YES,NO,YES,NO,NO,YES,YES,"MARIA","VOTE_VALID"
 37,"PiS","Waldemar","Buda",YES,NO,YES,NO,YES,YES,NO,NO,"Grzegorz","VOTE_VALID"
 38,"KO","Borys","Budka",NO,YES,NO,YES,NO,NO,YES,YES,"Piotr","VOTE_VALID"
 39,"Polska2050-TD","Elżbieta","Burkiewicz",NO,YES,NO,YES,NO,NO,YES,YES,"Jolanta","VOTE_VALID"
 40,"PiS","Lidia","Burzyńska",YES,NO,YES,NO,YES,YES,NO,NO,"Ewa","VOTE_VALID"
 41,"KO","Marek","Chmielewski",NO,YES,NO,YES,NO,NO,YES,YES,"Jan","VOTE_VALID"
 42,"PiS","Zbigniew","Chmielowiec",YES,NO,YES,NO,YES,YES,NO,NO,"Michał","VOTE_VALID"
 43,"PiS","Artur","Chojecki",YES,NO,YES,NO,YES,YES,NO,NO,"Henryk","VOTE_VALID"
 44,"PiS","Kazimierz","Choma",YES,NO,YES,NO,YES,YES,NO,NO,"Bogusław","VOTE_VALID"
 45,"PiS","Dominika","Chorosińska",YES,NO,YES,NO,YES,YES,NO,NO,"Małgorzata","VOTE_VALID"
 46,"PiS","Tadeusz","Chrzan",YES,NO,YES,NO,YES,YES,NO,NO,NA,"VOTE_VALID"
 47,"KO","Alicja","Chybicka",NO,YES,NO,YES,NO,NO,YES,YES,"Paulina","VOTE_VALID"
 48,"PiS","Anna","Cicholska",YES,NO,YES,NO,YES,YES,NO,NO,"Ewa","VOTE_VALID"
 49,"KO","Janusz","Cichoń",NO,YES,NO,YES,NO,NO,YES,YES,"Władysław","VOTE_VALID"
 50,"PiS","Krzysztof","Ciecióra",YES,NO,YES,NO,YES,YES,NO,NO,"Jan","VOTE_VALID"
 51,"PiS","Janusz","Cieszyński",YES,NO,YES,NO,YES,YES,NO,NO,"Antoni","VOTE_VALID"
 52,"PiS","Michał","Cieślak",YES,NO,YES,NO,YES,YES,NO,NO,NA,"VOTE_VALID"
 53,"Polska2050-TD","Żaneta","Cwalina-Śliwowska",NO,YES,NO,YES,NO,NO,YES,YES,NA,"VOTE_VALID"
 54,"PiS","Krzysztof","Czarnecki",YES,NO,YES,NO,YES,YES,NO,NO,"Władysław","VOTE_VALID"
 55,"PiS","Witold","Czarnecki",YES,NO,YES,NO,YES,YES,NO,NO,"Wojciech","VOTE_VALID"
 56,"PiS","Przemysław","Czarnek",YES,NO,YES,NO,YES,YES,NO,NO,NA,"VOTE_VALID"
 57,"PiS","Arkadiusz","Czartoryski",YES,NO,YES,NO,YES,YES,NO,NO,NA,"VOTE_VALID"
 58,"Lewica","Włodzimierz","Czarzasty",NO,YES,NO,YES,NO,NO,YES,YES,NA,"VOTE_VALID"
 59,"Lewica","Jacek","Czerniak",NO,YES,NO,YES,NO,NO,YES,YES,"Andrzej","VOTE_VALID"
 60,"KO","Zofia","Czernow",NO,YES,NO,YES,NO,NO,YES,YES,NA,"VOTE_VALID"
 61,"PiS","Anita","Czerwińska",YES,NO,YES,NO,YES,YES,NO,NO,NA,"VOTE_VALID"
 62,"PiS","Katarzyna","Czochara",YES,NO,YES,NO,YES,YES,NO,NO,"Beata","VOTE_VALID"
 63,"Polska2050-TD","Sławomir","Ćwik",NO,YES,NO,YES,NO,NO,YES,YES,NA,"VOTE_VALID"
 64,"PiS","Władysław","Dajczak",YES,NO,YES,NO,YES,YES,NO,NO,NA,"VOTE_VALID"
 65,"PiS","Anna","Dąbrowska-Banaszek",YES,NO,YES,NO,YES,YES,NO,NO,NA,"VOTE_VALID"
 66,"PiS","Zbigniew","Dolata",YES,NO,YES,NO,YES,YES,NO,NO,NA,"VOTE_VALID"
 67,"KO","Barbara","Dolniak",NO,YES,NO,YES,NO,NO,YES,YES,NA,"VOTE_VALID"
 68,"KO","Andrzej","Domański",NO,YES,NO,YES,NO,NO,YES,YES,"Jan","VOTE_VALID"
 69,"PiS","Bartłomiej","Dorywalski",YES,NO,YES,NO,YES,YES,NO,NO,NA,"VOTE_VALID"
 70,"KO","Robert","Dowhan",NO,YES,NO,YES,NO,NO,YES,YES,NA,"VOTE_VALID"
 71,"PiS","Przemysław","Drabek",YES,NO,YES,NO,YES,YES,NO,NO,"Mieczysław","VOTE_VALID"
 72,"PiS","Elżbieta","Duda",YES,NO,YES,NO,YES,YES,NO,NO,NA,"VOTE_VALID"
 73,"PiS","Michał","Dworczyk",YES,NO,YES,NO,YES,YES,NO,NO,"Paweł","VOTE_VALID"
 74,"PSL-TD","Adam","Dziedzic",NO,YES,NO,YES,NO,NO,YES,YES,NA,"VOTE_VALID"
 75,"PiS","Jan","Dziedziczak",YES,NO,YES,NO,YES,YES,NO,NO,"Michał","VOTE_VALID"
 76,"Lewica","Agnieszka","Dziemianowicz-Bąk",NO,YES,NO,YES,NO,NO,YES,YES,"Ewa","VOTE_VALID"
 77,"KO","Magdalena","Filiks",NO,YES,NO,YES,NO,NO,YES,YES,NA,"VOTE_VALID"
 78,"PiS","Magdalena","Filipek-Sobczak",YES,NO,YES,NO,YES,YES,NO,NO,NA,"VOTE_VALID"
 79,"PiS","Radosław","Fogiel",YES,NO,YES,NO,YES,YES,NO,NO,"Aleksander","VOTE_VALID"
 80,"Konfederacja","Bronisław","Foltyn",NO,NO,NO,NO,NO,NO,NO,NO,"Edward","VOTE_VALID"
 81,"Konfederacja","Roman","Fritz",NO,NO,NO,NO,NO,NO,NO,NO,"Henryk","VOTE_VALID"
 82,"KO","Joanna","Frydrych",NO,YES,NO,YES,NO,NO,YES,YES,"Zofia","VOTE_VALID"
 83,"KO","Konrad","Frysztak",NO,YES,NO,YES,NO,NO,YES,YES,NA,"VOTE_VALID"
 84,"KO","Patryk","Gabriel",NO,YES,NO,YES,NO,NO,YES,YES,NA,"VOTE_VALID"
 85,"KO","Krzysztof","Gadowski",NO,YES,NO,YES,NO,NO,YES,YES,"Jan","VOTE_VALID"
 86,"KO","Aleksandra","Gajewska",NO,YES,NO,YES,NO,NO,YES,YES,"Małgorzata","VOTE_VALID"
 87,"KO","Kinga","Gajewska",NO,YES,NO,YES,NO,NO,YES,YES,"Magdalena","VOTE_VALID"
 88,"KO","Elżbieta","Gapińska",NO,YES,NO,YES,NO,NO,YES,YES,"Teresa","VOTE_VALID"
 89,"KO","Kamila","Gasiuk-Pihowicz",NO,YES,NO,YES,NO,NO,YES,YES,NA,"VOTE_VALID"
 90,"Lewica","Krzysztof","Gawkowski",NO,YES,NO,YES,NO,NO,YES,YES,"Kamil","VOTE_VALID"
 91,"KO","Zdzisław","Gawlik",NO,YES,NO,YES,NO,NO,YES,YES,NA,"VOTE_VALID"
 92,"PiS","Andrzej","Gawron",YES,NO,YES,NO,YES,YES,NO,NO,"Janusz","VOTE_VALID"
 93,"PiS","Grzegorz","Gaża",YES,NO,YES,NO,YES,YES,NO,NO,"Krzysztof","VOTE_VALID"
 94,"KO","Elżbieta","Gelert",NO,YES,NO,YES,NO,NO,YES,YES,"Kazimiera","VOTE_VALID"
 95,"PiS","Anna","Gembicka",YES,NO,YES,NO,YES,YES,NO,NO,"Urszula","VOTE_VALID"
 96,"KO","Artur","Gierada",NO,YES,NO,YES,NO,NO,YES,YES,"Daniel","VOTE_VALID"
 97,"KO","Roman","Giertych",NO,YES,NO,YES,NO,NO,YES,YES,"Jacek","VOTE_VALID"
 98,"KO","Włodzisław","Giziński",NO,YES,NO,YES,NO,NO,YES,YES,NA,"VOTE_VALID"
 99,"PiS","Szymon","Giżyński",YES,NO,YES,NO,YES,YES,NO,NO,"Stanisław","VOTE_VALID"
100,"PiS","Piotr","Gliński",YES,NO,YES,NO,YES,YES,NO,NO,"Tadeusz","VOTE_VALID"
101,"KO","Tomasz","Głogowski",NO,YES,NO,YES,NO,NO,YES,YES,"Marian","VOTE_VALID"
102,"KO","Piotr","Głowski",NO,YES,NO,YES,NO,NO,YES,YES,"Krzysztof","VOTE_VALID"
103,"KO","Marta","Golbik",NO,YES,NO,YES,NO,NO,YES,YES,"Joanna","VOTE_VALID"
104,"PiS","Małgorzata","Golińska",YES,NO,YES,NO,YES,YES,NO,NO,"Joanna","VOTE_VALID"
105,"PiS","Kazimierz","Gołojuch",YES,NO,YES,NO,YES,YES,NO,NO,"Edward","VOTE_VALID"
106,"Polska2050-TD","Adam","Gomoła",NO,YES,NO,YES,NO,NO,YES,YES,"Michał","VOTE_VALID"
107,"PiS","Robert","Gontarz",YES,NO,YES,NO,YES,YES,NO,NO,NA,"VOTE_VALID"
108,"KO","Stanisław","Gorczyca",NO,YES,NO,YES,NO,NO,YES,YES,"Andrzej","VOTE_VALID"
109,"PiS","Mariusz","Gosek",YES,NO,NO,NO,YES,YES,NO,NO,"Marek","VOTE_VALID"
110,"Lewica","Daria","Gosek-Popiołek",NO,YES,NO,NO,NO,NO,YES,YES,"Iwona","VOTE_VALID"
111,"PiS","Małgorzata","Gosiewska",YES,NO,YES,NO,YES,YES,NO,NO,"Maria","VOTE_VALID"
112,"Polska2050-TD","Piotr","Górnikiewicz",NO,YES,NO,YES,NO,NO,YES,YES,"Tadeusz","VOTE_VALID"
113,"PiS","Agnieszka","Górska",YES,NO,YES,NO,YES,YES,NO,NO,"Beata","VOTE_VALID"
114,"KO","Krzysztof","Grabczuk",NO,YES,NO,YES,NO,NO,YES,YES,NA,"VOTE_VALID"
115,"KO","Jan","Grabiec",NO,YES,NO,YES,NO,NO,YES,YES,"Stanisław","VOTE_VALID"
116,"PiS","Marcin","Grabowski",YES,NO,YES,NO,YES,YES,NO,NO,NA,"VOTE_VALID"
117,"Polska2050-TD","Michał","Gramatyka",NO,YES,NO,YES,NO,NO,YES,YES,"Sebastian","VOTE_VALID"
118,"KO","Małgorzata","Gromadzka",NO,YES,NO,YES,NO,NO,YES,YES,NA,"VOTE_VALID"
119,"PiS","Marek","Gróbarczyk",YES,NO,YES,NO,YES,YES,NO,NO,NA,"VOTE_VALID"
120,"PSL-TD","Andrzej","Grzyb",NO,YES,NO,YES,NO,NO,YES,YES,"Marian","VOTE_VALID"
121,"PiS","Andrzej","Gut-Mostowy",YES,NO,YES,NO,YES,YES,NO,NO,NA,"VOTE_VALID"
122,"PiS","Kazimierz","Gwiazdowski",YES,NO,YES,NO,YES,YES,NO,NO,NA,"VOTE_VALID"
123,"PiS","Marcin","Gwóźdź",YES,NO,YES,NO,YES,YES,NO,NO,"Piotr","VOTE_VALID"
124,"KO","Marek","Gzik",NO,YES,NO,YES,NO,NO,YES,YES,"Krzysztof","VOTE_VALID"
125,"KO","Krzysztof","Habura",NO,YES,NO,YES,NO,NO,YES,YES,"Stefan","VOTE_VALID"
126,"KO","Agnieszka","Hanajczyk",NO,YES,NO,YES,NO,NO,YES,YES,"Małgorzata","VOTE_VALID"
127,"KO","Iwona","Hartwich",NO,YES,NO,YES,NO,NO,YES,YES,NA,"VOTE_VALID"
128,"Polska2050-TD","Paulina","Hennig-Kloska",NO,YES,NO,YES,NO,NO,YES,YES,NA,"VOTE_VALID"
129,"PSL-TD","Krzysztof","Hetman",NO,YES,NO,YES,NO,NO,YES,YES,"Andrzej","VOTE_VALID"
130,"PiS","Czesław","Hoc",YES,NO,YES,NO,YES,YES,NO,NO,NA,"VOTE_VALID"
131,"PiS","Zbigniew","Hoffmann",YES,NO,YES,NO,YES,YES,NO,NO,"Grzegorz","VOTE_VALID"
132,"KO","Marek","Hok",NO,YES,NO,YES,NO,NO,YES,YES,"Tomasz","VOTE_VALID"
133,"Polska2050-TD","Szymon","Hołownia",NO,YES,NO,YES,NO,NO,YES,YES,"Franciszek","VOTE_VALID"
134,"PiS","Marcin","Horała",YES,NO,YES,NO,YES,YES,NO,NO,"Michał","VOTE_VALID"
135,"KO","Łukasz","Horbatowski",NO,YES,NO,YES,NO,NO,YES,YES,NA,"VOTE_VALID"
136,"PiS","Paweł","Hreniak",YES,NO,YES,NO,YES,YES,NO,NO,"Marek","VOTE_VALID"
137,"PiS","Paweł","Jabłoński",YES,NO,YES,NO,YES,YES,NO,NO,NA,"VOTE_VALID"
138,"KO","Klaudia","Jachira",NO,YES,NO,YES,NO,NO,YES,YES,"Krystyna","VOTE_VALID"
139,"Kukiz15","Marek","Jakubiak",YES,NO,YES,NO,YES,YES,NO,NO,NA,"VOTE_VALID"
140,"KO","Maria","Janyska",NO,YES,NO,YES,NO,NO,YES,YES,"Małgorzata","VOTE_VALID"
141,"KO","Michał","Jaros",NO,YES,NO,YES,NO,NO,YES,YES,NA,"VOTE_VALID"
142,"KO","Patryk","Jaskulski",NO,YES,NO,YES,NO,NO,YES,YES,"Bartłomiej","VOTE_VALID"
143,"KO","Danuta","Jazłowiecka",NO,YES,NO,YES,NO,NO,YES,YES,"Maria","VOTE_VALID"
144,"KO","Dariusz","Joński",NO,YES,NO,YES,NO,NO,YES,YES,NA,"VOTE_VALID"
145,"KO","Marcin","Józefaciuk",NO,YES,NO,YES,NO,NO,YES,YES,NA,"VOTE_VALID"
146,"PiS","Norbert","Kaczmarczyk",YES,NO,YES,NO,YES,YES,NO,NO,"Jakub","VOTE_VALID"
147,"PiS","Filip","Kaczyński",YES,NO,YES,NO,YES,YES,NO,NO,"Roman","VOTE_VALID"
148,"PiS","Jarosław","Kaczyński",YES,NO,YES,NO,YES,YES,NO,NO,"Aleksander","VOTE_VALID"
149,"PiS","Piotr","Kaleta",YES,NO,YES,NO,YES,YES,NO,NO,"Marek","VOTE_VALID"
150,"PiS","Sebastian","Kaleta",YES,NO,YES,NO,YES,YES,NO,NO,"Jerzy","VOTE_VALID"
151,"PiS","Mariusz","Kałużny",YES,NO,YES,NO,YES,YES,NO,NO,NA,"VOTE_VALID"
152,"PiS","Mariusz","Kamiński",YES,NO,YES,NO,YES,YES,NO,NO,NA,"VOTE_VALID"
153,"KO","Piotr","Kandyba",NO,YES,NO,YES,NO,NO,YES,YES,NA,"VOTE_VALID"
154,"PiS","Jan","Kanthak",YES,NO,YES,NO,YES,YES,NO,NO,"Jakub","VOTE_VALID"
155,"PiS","Fryderyk","Kapinos",YES,NO,YES,NO,YES,YES,NO,NO,"Sylwester","VOTE_VALID"
156,"KO","Jacek","Karnowski",NO,YES,NO,YES,NO,NO,YES,YES,"Karnowski","VOTE_VALID"
157,"KO","Iwona","Karolewska",NO,YES,NO,YES,NO,NO,YES,YES,NA,"VOTE_VALID"
158,"Polska2050-TD","Rafał","Kasprzyk",NO,YES,NO,YES,NO,NO,YES,YES,"Marcin","VOTE_VALID"
159,"PSL-TD","Henryk","Kiepura",NO,YES,NO,YES,NO,NO,YES,YES,NA,"VOTE_VALID"
160,"KO","Marcin","Kierwiński",NO,YES,NO,YES,NO,NO,YES,YES,"Piotr","VOTE_VALID"
161,"KO","Katarzyna","Kierzek-Koperska",NO,YES,NO,YES,NO,NO,YES,YES,"Renata","VOTE_VALID"
162,"PSL-TD","Dariusz","Klimczak",NO,YES,NO,YES,NO,NO,YES,YES,NA,"VOTE_VALID"
163,"KO","Joanna","Kluzik-Rostkowska",NO,YES,NO,YES,NO,NO,YES,YES,"Grażyna","VOTE_VALID"
164,"PSL-TD","Agnieszka","Kłopotek",NO,YES,NO,YES,NO,NO,YES,YES,"Maria","VOTE_VALID"
165,"PiS","Łukasz","Kmita",YES,NO,YES,NO,YES,YES,NO,NO,"Marek","VOTE_VALID"
166,"Polska2050-TD","Michał","Kobosko",NO,YES,NO,YES,NO,NO,YES,YES,"Andrzej","VOTE_VALID"
167,"PiS","Maria","Koc",YES,NO,YES,NO,YES,YES,NO,NO,"Zofia","VOTE_VALID"
168,"KO","Ewa","Kołodziej",NO,YES,NO,YES,NO,NO,YES,YES,"Edyta","VOTE_VALID"
169,"KO","Magdalena","Kołodziejczak",NO,YES,NO,YES,NO,NO,YES,YES,"Małgorzata","VOTE_VALID"
170,"KO","Michał","Kołodziejczak",NO,YES,NO,YES,NO,NO,YES,NO,NA,"VOTE_VALID"
171,"Polska2050-TD","Rafał","Komarewicz",NO,YES,NO,YES,NO,NO,YES,YES,"Paweł","VOTE_VALID"
172,"Lewica","Maciej","Konieczny",NO,YES,NO,YES,NO,NO,YES,YES,NA,"VOTE_VALID"
173,"KO","Zbigniew","Konwiński",NO,YES,NO,YES,NO,NO,YES,YES,"Marek","VOTE_VALID"
174,"PSL-TD","Władysław","Kosiniak-Kamysz",NO,YES,NO,YES,NO,NO,YES,YES,"Marcin","VOTE_VALID"
175,"KO","Tomasz","Kostuś",NO,YES,NO,YES,NO,NO,YES,YES,"Tadeusz","VOTE_VALID"
176,"PiS","Andrzej","Kosztowniak",YES,NO,YES,NO,YES,YES,NO,NO,"Tomasz","VOTE_VALID"
177,"Lewica","Katarzyna","Kotula",NO,YES,NO,YES,NO,NO,YES,YES,NA,"VOTE_VALID"
178,"KO","Paweł","Kowal",NO,YES,NO,YES,NO,NO,YES,YES,NA,"VOTE_VALID"
179,"PiS","Henryk","Kowalczyk",YES,NO,YES,NO,YES,YES,NO,NO,NA,"VOTE_VALID"
180,"PiS","Janusz","Kowalski",YES,NO,YES,NO,YES,YES,NO,NO,"Marcin","VOTE_VALID"
181,"PiS","Bartosz","Kownacki",YES,NO,YES,NO,YES,YES,NO,NO,"Józef","VOTE_VALID"
182,"KO","Iwona","Kozłowska",NO,YES,NO,YES,NO,NO,YES,YES,"Maria","VOTE_VALID"
183,"PSL-TD","Stefan","Krajewski",NO,YES,NO,YES,NO,NO,YES,YES,NA,"VOTE_VALID"
184,"PiS","Wiesław","Krajewski",YES,NO,YES,NO,YES,YES,NO,NO,NA,"VOTE_VALID"
185,"PiS","Leonard","Krasulski",YES,NO,YES,NO,YES,YES,NO,NO,"Seweryn","VOTE_VALID"
186,"KO","Iwona","Krawczyk",NO,YES,NO,YES,NO,NO,YES,YES,"Małgorzata","VOTE_VALID"
187,"KO","Michał","Krawczyk",NO,YES,NO,YES,NO,NO,YES,YES,NA,"VOTE_VALID"
188,"KO","Robert","Kropiwnicki",NO,YES,NO,YES,NO,NO,YES,YES,NA,"VOTE_VALID"
189,"PiS","Piotr","Król",YES,NO,YES,NO,YES,YES,NO,NO,"Marek","VOTE_VALID"
190,"KO","Wojciech","Król",NO,YES,NO,YES,NO,NO,YES,YES,"Piotr","VOTE_VALID"
191,"PiS","Anna","Krupka",YES,NO,YES,NO,YES,YES,NO,NO,"Maria","VOTE_VALID"
192,"PiS","Andrzej","Kryj",YES,NO,YES,NO,YES,YES,NO,NO,"Michał","VOTE_VALID"
193,"PiS","Mariusz","Krystian",YES,NO,YES,NO,YES,YES,NO,NO,"Tomasz","VOTE_VALID"
194,"KO","Marek","Krząkała",NO,YES,NO,YES,NO,NO,YES,YES,"Grzegorz","VOTE_VALID"
195,"KO","Adam","Krzemiński",NO,YES,NO,YES,NO,NO,YES,YES,NA,"VOTE_VALID"
196,"KO","Henryka","Krzywonos-Strycharska",NO,YES,NO,YES,NO,NO,YES,YES,"Krystyna","VOTE_VALID"
197,"PiS","Krzysztof","Kubów",YES,NO,YES,NO,YES,YES,NO,NO,"Jan","VOTE_VALID"
198,"Lewica","Anita","Kucharska-Dziedzic",NO,YES,NO,YES,NO,NO,YES,YES,"Agnieszka","VOTE_VALID"
199,"PiS","Marek","Kuchciński",YES,NO,YES,NO,YES,YES,NO,NO,"Tadeusz","VOTE_VALID"
200,"Kukiz15","Paweł","Kukiz",YES,NO,YES,NO,YES,YES,NO,NO,"Piotr","VOTE_VALID"
201,"Lewica","Marcin","Kulasek",NO,YES,NO,YES,NO,NO,YES,YES,"Robert","VOTE_VALID"
202,"PiS","Maria","Kurowska",YES,NO,YES,NO,YES,YES,NO,NO,"Stanisława","VOTE_VALID"
203,"PiS","Władysław","Kurowski",YES,NO,YES,NO,YES,YES,NO,NO,"Michał","VOTE_VALID"
204,"PiS","Zbigniew","Kuźmiuk",YES,NO,YES,NO,YES,YES,NO,NO,"Krzysztof","VOTE_VALID"
205,"PiS","Anna","Kwiecień",YES,NO,YES,NO,YES,YES,NO,NO,NA,"VOTE_VALID"
206,"KO","Piotr","Lachowicz",NO,YES,NO,YES,NO,NO,YES,YES,"Michał","VOTE_VALID"
207,"KO","Stanisław","Lamczyk",NO,YES,NO,YES,NO,NO,YES,YES,"Józef","VOTE_VALID"
208,"KO","Maciej","Lasek",NO,YES,NO,YES,NO,NO,YES,YES,"Grzegorz","VOTE_VALID"
209,"KO","Gabriela","Lenartowicz",NO,YES,NO,YES,NO,NO,YES,YES,"Teresa","VOTE_VALID"
210,"PiS","Ewa","Leniart",YES,NO,YES,NO,YES,YES,NO,NO,"Maria","VOTE_VALID"
211,"Polska2050-TD","Aleksandra","Leo",NO,YES,NO,YES,NO,NO,YES,YES,"Maria","VOTE_VALID"
212,"KO","Izabela","Leszczyna",NO,YES,NO,YES,NO,NO,YES,YES,"Dorota","VOTE_VALID"
213,"PiS","Joanna","Lichocka",YES,NO,YES,NO,YES,YES,NO,NO,"Katarzyna","VOTE_VALID"
214,"PiS","Krzysztof","Lipiec",YES,NO,YES,NO,YES,YES,NO,NO,"Bogdan","VOTE_VALID"
215,"Lewica","Łukasz","Litewka",NO,YES,NO,YES,NO,NO,YES,YES,"Karol","VOTE_VALID"
216,"PiS","Grzegorz","Lorek",YES,NO,YES,NO,YES,YES,NO,NO,"Andrzej","VOTE_VALID"
217,"PSL-TD","Radosław","Lubczyk",NO,YES,NO,YES,NO,NO,YES,YES,NA,"VOTE_VALID"
218,"KO","Katarzyna","Lubnauer",NO,YES,NO,YES,NO,NO,YES,YES,"Anna","VOTE_VALID"
219,"Polska2050-TD","Adam","Luboński",NO,YES,NO,YES,NO,NO,YES,YES,"Sławomir","VOTE_VALID"
220,"KO","Artur","Łącki",NO,YES,NO,YES,NO,NO,YES,YES,"Jarosław","VOTE_VALID"
221,"KO","Alicja","Łepkowska-Gołaś",NO,YES,NO,YES,NO,NO,YES,YES,NA,"VOTE_VALID"
222,"KO","Dorota","Łoboda",NO,YES,NO,YES,NO,NO,YES,YES,"Ewa","VOTE_VALID"
223,"KO","Krystian","Łuczak",NO,YES,NO,YES,NO,NO,YES,YES,"Marek","VOTE_VALID"
224,"PiS","Sebastian","Łukaszewicz",YES,NO,YES,NO,YES,YES,NO,NO,NA,"VOTE_VALID"
225,"PiS","Marzena","Machałek",YES,NO,YES,NO,YES,YES,NO,NO,"Anna","VOTE_VALID"
226,"PiS","Antoni","Macierewicz",YES,NO,YES,NO,YES,YES,NO,NO,NA,"VOTE_VALID"
227,"PiS","Marlena","Maląg",YES,NO,YES,NO,YES,YES,NO,NO,"Magdalena","VOTE_VALID"
228,"PiS","Ewa","Malik",YES,NO,YES,NO,YES,YES,NO,NO,"Danuta","VOTE_VALID"
229,"PSL-TD","Mirosław","Maliszewski",NO,YES,NO,YES,NO,NO,YES,YES,"Wojciech","VOTE_VALID"
230,"PiS","Maciej","Małecki",YES,NO,YES,NO,YES,YES,NO,NO,NA,"VOTE_VALID"
231,"KO","Arkadiusz","Marchewka",NO,YES,NO,YES,NO,NO,YES,YES,NA,"VOTE_VALID"
232,"KO","Jagna","Marczułajtis-Walczak",NO,YES,NO,YES,NO,NO,YES,YES,"Kinga","VOTE_VALID"
233,"KO","Dorota","Marek",NO,YES,NO,YES,NO,NO,YES,YES,NA,"VOTE_VALID"
234,"PiS","Dariusz","Matecki",YES,NO,YES,NO,YES,YES,NO,NO,"Piotr","VOTE_VALID"
235,"PiS","Jerzy","Materna",YES,NO,YES,NO,YES,YES,NO,NO,"Marian","VOTE_VALID"
236,"PiS","Grzegorz","Matusiak",YES,NO,YES,NO,YES,YES,NO,NO,NA,"VOTE_VALID"
237,"KO","Katarzyna","Matusik-Lipiec",NO,YES,NO,YES,NO,NO,YES,YES,"Irena","VOTE_VALID"
238,"PiS","Marek","Matuszewski",YES,NO,NO,NO,NO,NO,NO,NO,NA,"VOTE_VALID"
239,"Lewica","Paulina","Matysiak",NO,YES,NO,NO,NO,NO,YES,YES,NA,"VOTE_VALID"
240,"PiS","Łukasz","Mejza",YES,NO,YES,NO,YES,YES,NO,NO,NA,"VOTE_VALID"
241,"Konfederacja","Sławomir","Mentzen",NO,NO,NO,NO,NO,NO,NO,NO,"Jerzy","VOTE_VALID"
242,"PiS","Anna","Milczanowska",YES,NO,YES,NO,YES,YES,NO,NO,"Maria","VOTE_VALID"
243,"PiS","Daniel","Milewski",YES,NO,YES,NO,YES,YES,NO,NO,"George","VOTE_VALID"
244,"KO","Rajmund","Miller",NO,YES,NO,YES,NO,NO,YES,YES,"Tadeusz","VOTE_VALID"
245,"KO","Aleksander","Miszalski",NO,YES,NO,YES,NO,NO,YES,YES,"Jan","VOTE_VALID"
246,"PiS","Mateusz","Morawiecki",YES,NO,YES,NO,YES,YES,NO,NO,"Jakub","VOTE_VALID"
247,"PiS","Jan","Mosiński",YES,NO,YES,NO,YES,YES,NO,NO,NA,"VOTE_VALID"
248,"PiS","Michał","Moskal",YES,NO,YES,NO,YES,YES,NO,NO,NA,"VOTE_VALID"
249,"KO","Czesław","Mroczek",NO,YES,NO,YES,NO,NO,YES,YES,NA,"VOTE_VALID"
250,"PiS","Aleksander","Mrówczyński",YES,NO,YES,NO,YES,YES,NO,NO,"Mikołaj","VOTE_VALID"
251,"KO","Izabela","Mrzygłocka",NO,YES,NO,YES,NO,NO,YES,YES,"Katarzyna","VOTE_VALID"
252,"Polska2050-TD","Joanna","Mucha",NO,YES,NO,YES,NO,NO,YES,YES,NA,"VOTE_VALID"
253,"PiS","Arkadiusz","Mularczyk",YES,NO,YES,NO,YES,YES,NO,NO,NA,"VOTE_VALID"
254,"Konfederacja","Krzysztof","Mulawa",NO,NO,NO,NO,NO,NO,NO,NO,NA,"VOTE_VALID"
255,"PiS","Piotr","Müller",YES,NO,YES,NO,YES,YES,NO,NO,"Józef","VOTE_VALID"
256,"KO","Arkadiusz","Myrcha",NO,YES,NO,YES,NO,NO,YES,YES,NA,"VOTE_VALID"
257,"KO","Grzegorz","Napieralski",NO,YES,NO,YES,NO,NO,YES,YES,"Bernard","VOTE_VALID"
258,"KO","Dorota","Niedziela",NO,YES,NO,YES,NO,NO,YES,YES,NA,"VOTE_VALID"
259,"KO","Jacek","Niedźwiedzki",NO,YES,NO,YES,NO,NO,YES,YES,NA,"VOTE_VALID"
260,"KO","Małgorzata","Niemczyk",NO,YES,NO,YES,NO,NO,YES,YES,"Barbara","VOTE_VALID"
261,"KO","Jolanta","Niezgodzka",NO,YES,NO,YES,NO,NO,YES,YES,"Magdalena","VOTE_VALID"
262,"KO","Sławomir","Nitras",NO,YES,NO,YES,NO,NO,YES,YES,NA,"VOTE_VALID"
263,"KO","Barbara","Nowacka",NO,YES,NO,YES,NO,NO,YES,YES,"Anna","VOTE_VALID"
264,"Polska2050-TD","Maja","Nowak",NO,YES,NO,YES,NO,NO,YES,YES,"Ewa","VOTE_VALID"
265,"KO","Tomasz","Nowak",NO,YES,NO,YES,NO,NO,YES,YES,"Piotr","VOTE_VALID"
266,"Lewica","Wanda","Nowicka",NO,YES,NO,YES,NO,NO,YES,YES,"Hanna","VOTE_VALID"
267,"PSL-TD","Urszula","Nowogórska",NO,YES,NO,YES,NO,NO,YES,YES,"Teresa","VOTE_VALID"
268,"KO","Mirosława","Nykiel",NO,YES,NO,YES,NO,NO,YES,YES,NA,"VOTE_VALID"
269,"PiS","Marcin","Ociepa",YES,NO,YES,NO,YES,YES,NO,NO,"Michał","VOTE_VALID"
270,"KO","Marzena","Okła-Drewnowicz",NO,YES,NO,YES,NO,NO,YES,YES,NA,"VOTE_VALID"
271,"Polska2050-TD","Barbara","Okuła",NO,YES,NO,YES,NO,NO,YES,YES,NA,"VOTE_VALID"
272,"Polska2050-TD","Barbara","Oliwiecka",NO,YES,NO,YES,NO,NO,YES,YES,"Anna","VOTE_VALID"
273,"Lewica","Dorota","Olko",NO,YES,NO,YES,NO,NO,YES,YES,"Zofia","VOTE_VALID"
274,"KO","Paweł","Olszewski",NO,YES,NO,YES,NO,NO,YES,YES,"Bartosz","VOTE_VALID"
275,"PSL-TD","Mirosław","Orliński",NO,YES,NO,YES,NO,NO,YES,YES,"Adam","VOTE_VALID"
276,"Polska2050-TD","Łukasz","Osmalak",NO,YES,NO,YES,NO,NO,YES,YES,"Tomasz","VOTE_VALID"
277,"KO","Katarzyna","Osos",NO,YES,NO,YES,NO,NO,YES,YES,NA,"VOTE_VALID"
278,"PiS","Jacek","Osuch",YES,NO,YES,NO,YES,YES,NO,NO,"Piotr","VOTE_VALID"
279,"PiS","Jacek","Ozdoba",YES,NO,YES,NO,YES,YES,NO,NO,"Dawid","VOTE_VALID"
280,"PiS","Teresa","Pamuła",YES,NO,YES,NO,YES,YES,NO,NO,NA,"VOTE_VALID"
281,"KO","Paweł","Papke",NO,YES,NO,YES,NO,NO,YES,YES,NA,"VOTE_VALID"
282,"PSL-TD","Urszula","Pasławska",NO,YES,NO,YES,NO,NO,YES,YES,"Stefania","VOTE_VALID"
283,"PSL-TD","Krzysztof","Paszyk",NO,YES,NO,YES,NO,NO,YES,YES,"Michał","VOTE_VALID"
284,"KO","Karolina","Pawliczak",NO,YES,NO,YES,NO,NO,YES,YES,"Monika","VOTE_VALID"
285,"Konfederacja","Bartłomiej","Pejo",NO,NO,NO,NO,NO,NO,NO,NO,"Artur","VOTE_VALID"
286,"Polska2050-TD","Ryszard","Petru",NO,YES,NO,YES,NO,NO,YES,YES,"Jerzy","VOTE_VALID"
287,"KO","Małgorzata","Pępek",NO,YES,NO,YES,NO,NO,YES,YES,"Anna","VOTE_VALID"
288,"PiS","Bolesław","Piecha",YES,NO,YES,NO,YES,YES,NO,NO,"Grzegorz","VOTE_VALID"
289,"PiS","Grzegorz","Piechowiak",YES,NO,YES,NO,YES,YES,NO,NO,NA,"VOTE_VALID"
290,"PiS","Anna","Pieczarka",YES,NO,YES,NO,YES,YES,NO,NO,"Maria","VOTE_VALID"
291,"KO","Katarzyna","Piekarska",NO,YES,NO,YES,NO,NO,YES,YES,"Maria","VOTE_VALID"
292,"Polska2050-TD","Norbert","Pietrykowski",NO,YES,NO,YES,NO,NO,YES,YES,"jerzy","VOTE_VALID"
293,"KO","Lucjan","Pietrzczyk",NO,YES,NO,YES,NO,NO,YES,YES,"Marek","VOTE_VALID"
294,"PiS","Dariusz","Piontkowski",YES,NO,YES,NO,YES,YES,NO,NO,NA,"VOTE_VALID"
295,"KO","Kazimierz","Plocke",NO,YES,NO,YES,NO,NO,YES,YES,"Florian","VOTE_VALID"
296,"Konfederacja","Grzegorz","Płaczek",NO,NO,NO,NO,NO,NO,NO,NO,"Adam","VOTE_VALID"
297,"PiS","Kacper","Płażyński",YES,NO,YES,NO,YES,YES,NO,NO,"Maciej","VOTE_VALID"
298,"PiS","Szymon","Pogoda",YES,NO,YES,NO,YES,YES,NO,NO,"Marek","VOTE_VALID"
299,"PiS","Jerzy","Polaczek",YES,NO,YES,NO,YES,YES,NO,NO,"Jan","VOTE_VALID"
300,"KO","Elżbieta","Polak",NO,YES,NO,YES,NO,NO,YES,YES,"Anna","VOTE_VALID"
301,"PiS","Piotr","Polak",YES,NO,YES,NO,YES,YES,NO,NO,NA,"VOTE_VALID"
302,"KO","Agnieszka","Pomaska",NO,YES,NO,YES,NO,NO,YES,YES,"Dominika","VOTE_VALID"
303,"PiS","Marcin","Porzucek",YES,NO,YES,NO,YES,YES,NO,NO,"Bartosz","VOTE_VALID"
304,"KO","Jacek","Protas",NO,YES,NO,YES,NO,NO,YES,YES,NA,"VOTE_VALID"
305,"PiS","Marcin","Przydacz",YES,NO,YES,NO,YES,YES,NO,NO,"Paweł","VOTE_VALID"
306,"PiS","Grzegorz","Puda",YES,NO,YES,NO,YES,YES,NO,NO,"Paweł","VOTE_VALID"
307,"PSL-TD","Michał","Pyrzyk",NO,YES,NO,YES,NO,NO,YES,YES,NA,"VOTE_VALID"
308,"KO","Renata","Rak",NO,YES,NO,YES,NO,NO,YES,YES,"Urszula","VOTE_VALID"
309,"PSL-TD","Ireneusz","Raś",NO,YES,NO,YES,NO,NO,YES,YES,NA,"VOTE_VALID"
310,"PiS","Zbigniew","Rau",YES,NO,YES,NO,YES,YES,NO,NO,"Włodzimierz","VOTE_VALID"
311,"PiS","Marcin","Romanowski",YES,NO,YES,NO,YES,YES,NO,NO,NA,"VOTE_VALID"
312,"Polska2050-TD","Bartosz","Romowicz",NO,YES,NO,YES,NO,NO,YES,YES,NA,"VOTE_VALID"
313,"KO","Monika","Rosa",NO,YES,NO,YES,NO,NO,YES,YES,"Anna","VOTE_VALID"
314,"PSL-TD","Wiesław","Różyński",NO,YES,NO,YES,NO,NO,YES,YES,"Marian","VOTE_VALID"
315,"PiS","Urszula","Rusecka",YES,NO,YES,NO,YES,YES,NO,NO,"Beata","VOTE_VALID"
316,"KO","Grzegorz","Rusiecki",NO,YES,NO,YES,NO,NO,YES,YES,"Stanisław","VOTE_VALID"
317,"KO","Jakub","Rutnicki",NO,YES,NO,YES,NO,NO,YES,YES,"Adam","VOTE_VALID"
318,"PiS","Paweł","Rychlik",YES,NO,YES,NO,YES,YES,NO,NO,"Piotr","VOTE_VALID"
319,"KO","Marek","Rząsa",NO,YES,NO,YES,NO,NO,YES,YES,"Zdzisław","VOTE_VALID"
320,"PSL-TD","Jarosław","Rzepa",NA,NA,NA,NA,NA,NA,NA,NA,"Michał","ABSENT"
321,"Kukiz15","Jarosław","Sachajko",YES,NO,YES,NO,YES,YES,NO,NO,NA,"VOTE_VALID"
322,"PiS","Paweł","Sałek",YES,NO,YES,NO,YES,YES,NO,NO,NA,"VOTE_VALID"
323,"KO","Wojciech","Saługa",NO,YES,NO,YES,NO,NO,YES,YES,"Paweł","VOTE_VALID"
324,"PSL-TD","Tadeusz","Samborski",NO,YES,NO,YES,NO,NO,YES,YES,NA,"VOTE_VALID"
325,"PiS","Jacek","Sasin",YES,NO,YES,NO,YES,YES,NO,NO,"Robert","VOTE_VALID"
326,"PSL-TD","Marek","Sawicki",NO,YES,NO,YES,NO,NO,YES,YES,"Wacław","VOTE_VALID"
327,"Polska2050-TD","Ewa","Schädler",NO,YES,NO,YES,NO,NO,YES,YES,"Katarzyna","VOTE_VALID"
328,"Lewica","Joanna","Scheuring-Wielgus",NO,YES,NO,YES,NO,NO,YES,YES,"Izabela","VOTE_VALID"
329,"PiS","Anna","Schmidt",YES,NO,YES,NO,YES,YES,NO,NO,"Katarzyna","VOTE_VALID"
330,"PiS","Łukasz","Schreiber",YES,NO,YES,NO,YES,YES,NO,NO,NA,"VOTE_VALID"
331,"PiS","Jarosław","Sellin",YES,NO,YES,NO,YES,YES,NO,NO,"Daniel","VOTE_VALID"
332,"PiS","Olga","Semeniuk-Patkowska",YES,NO,YES,NO,YES,YES,NO,NO,"Ewa","VOTE_VALID"
333,"PiS","Edward","Siarka",YES,NO,YES,NO,YES,YES,NO,NO,NA,"VOTE_VALID"
334,"KO","Krystyna","Sibińska",NO,YES,NO,YES,NO,NO,YES,YES,"Mieczysława","VOTE_VALID"
335,"PSL-TD","Czesław","Siekierski",NO,YES,NO,YES,NO,NO,YES,YES,"Adam","VOTE_VALID"
336,"KO","Rafał","Siemaszko",NO,YES,NO,YES,NO,NO,YES,YES,NA,"VOTE_VALID"
337,"KO","Tomasz","Siemoniak",NO,YES,NO,YES,NO,NO,YES,YES,NA,"VOTE_VALID"
338,"KO","Bartłomiej","Sienkiewicz",NO,YES,NO,YES,NO,NO,YES,YES,"Henryk","VOTE_VALID"
339,"Lewica","Arkadiusz","Sikora",NO,YES,NO,YES,NO,NO,YES,YES,"-","VOTE_VALID"
340,"Konfederacja","Włodzimierz","Skalik",NO,NO,NO,NO,NO,NO,NO,NO,"Bogdan","VOTE_VALID"
341,"Polska2050-TD","Marcin","Skonieczka",NO,YES,NO,YES,NO,NO,YES,YES,"Seweryn","VOTE_VALID"
342,"KO","Krystyna","Skowrońska",NO,YES,NO,YES,NO,NO,YES,YES,NA,"VOTE_VALID"
343,"PiS","Sławomir","Skwarek",YES,NO,YES,NO,YES,YES,NO,NO,NA,"VOTE_VALID"
344,"KO","Waldemar","Sługocki",NO,YES,NO,YES,NO,NO,YES,YES,"Jan","VOTE_VALID"
345,"KO","Weronika","Smarduch",NO,YES,NO,YES,NO,NO,YES,YES,"Anna","VOTE_VALID"
346,"PiS","Kazimierz","Smoliński",YES,NO,YES,NO,YES,YES,NO,NO,NA,"VOTE_VALID"
347,"KO","Anna","Sobolak",NO,YES,NO,YES,NO,NO,YES,YES,"Helena","VOTE_VALID"
348,"PiS","Krzysztof","Sobolewski",YES,NO,YES,NO,YES,YES,NO,NO,NA,"VOTE_VALID"
349,"PiS","Artur","Soboń",YES,NO,YES,NO,YES,YES,NO,NO,NA,"VOTE_VALID"
350,"PiS","Agnieszka","Soin",YES,NO,YES,NO,YES,YES,NO,NO,"Anna","VOTE_VALID"
351,"PSL-TD","Zbigniew","Sosnowski",NO,YES,NO,YES,NO,NO,YES,YES,NA,"VOTE_VALID"
352,"KO","Marek","Sowa",NO,YES,NO,YES,NO,NO,YES,YES,"Jan","VOTE_VALID"
353,"PiS","Katarzyna","Sójka",YES,NO,YES,NO,YES,YES,NO,NO,NA,"VOTE_VALID"
354,"PSL-TD","Magdalena","Sroka",NO,YES,NO,YES,NO,NO,YES,YES,"Joanna","VOTE_VALID"
355,"PiS","Mirosława","Stachowiak-Różecka",YES,NO,YES,NO,YES,YES,NO,NO,"Agnieszka","VOTE_VALID"
356,"PiS","Dariusz","Stefaniuk",YES,NO,YES,NO,YES,YES,NO,NO,"Paweł","VOTE_VALID"
357,"KO","Franciszek","Sterczewski",NO,YES,NO,YES,NO,NO,YES,YES,"Wojciech","VOTE_VALID"
358,"Polska2050-TD","Piotr","Strach",NO,YES,NO,YES,NO,NO,YES,YES,"Paweł","VOTE_VALID"
359,"Polska2050-TD","Mirosław","Suchoń",NO,YES,NO,YES,NO,NO,YES,YES,"Tadeusz","VOTE_VALID"
360,"PiS","Marek","Suski",YES,NO,YES,NO,YES,YES,NO,NO,NA,"VOTE_VALID"
361,"KO","Paweł","Suski",NO,YES,NO,YES,NO,NO,YES,YES,NA,"VOTE_VALID"
362,"PiS","Artur","Szałabawka",YES,NO,YES,NO,YES,YES,NO,NO,"Lesław","VOTE_VALID"
363,"PiS","Wojciech","Szarama",YES,NO,YES,NO,YES,YES,NO,NO,"Piotr","VOTE_VALID"
364,"Lewica","Wiesław","Szczepański",NO,YES,NO,YES,NO,NO,YES,YES,"Andrzej","VOTE_VALID"
365,"KO","Michał","Szczerba",NO,YES,NO,YES,NO,NO,YES,YES,"Roch","VOTE_VALID"
366,"PiS","Krzysztof","Szczucki",YES,NO,YES,NO,YES,YES,NO,NO,"Łukasz","VOTE_VALID"
367,"PiS","Józefa","Szczurek-Żelazko",YES,NO,YES,NO,YES,YES,NO,NO,NA,"VOTE_VALID"
368,"PiS","Paweł","Szefernaker",YES,NO,YES,NO,YES,YES,NO,NO,"Maciej","VOTE_VALID"
369,"Lewica","Andrzej","Szejna",NO,YES,NO,YES,NO,NO,YES,YES,"Jan","VOTE_VALID"
370,"KO","Andrzej","Szewiński",NO,YES,NO,YES,NO,NO,YES,YES,NA,"VOTE_VALID"
371,"KO","Adam","Szłapka",NO,YES,NO,YES,NO,NO,YES,YES,"Stanisław","VOTE_VALID"
372,"KO","Henryk","Szopiński",NO,YES,NO,YES,NO,NO,YES,YES,"Marian","VOTE_VALID"
373,"PiS","Paweł","Szrot",YES,NO,YES,NO,YES,YES,NO,NO,NA,"VOTE_VALID"
374,"KO","Krystyna","Szumilas",NO,YES,NO,YES,NO,NO,YES,YES,"Maria","VOTE_VALID"
375,"PiS","Stanisław","Szwed",NA,NA,NA,NA,NA,NA,NA,NA,NA,"ABSENT"
376,"Polska2050-TD","Ewa","Szymanowska",NO,YES,NO,YES,NO,NO,YES,YES,"Joanna","VOTE_VALID"
377,"KO","Tomasz","Szymański",NO,YES,NO,YES,NO,NO,YES,YES,"Józef","VOTE_VALID"
378,"PiS","Szymon","Szynkowski vel Sęk",YES,NO,YES,NO,YES,YES,NO,NO,"Andrzej","VOTE_VALID"
379,"KO","Łukasz","Ściebiorowski",NO,YES,NO,YES,NO,NO,YES,YES,"Andrzej","VOTE_VALID"
380,"PiS","Agnieszka","Ścigaj",YES,NO,YES,NO,YES,YES,NO,NO,NA,"VOTE_VALID"
381,"PiS","Andrzej","Śliwka",YES,NO,YES,NO,YES,YES,NO,NO,NA,"VOTE_VALID"
382,"Polska2050-TD","Paweł","Śliz",NO,YES,NO,YES,NO,NO,YES,YES,"Marek","VOTE_VALID"
383,"Lewica","Krzysztof","Śmiszek",NO,YES,NO,YES,NO,NO,YES,YES,"Jan","VOTE_VALID"
384,"PiS","Jacek","Świat",YES,NO,YES,NO,YES,YES,NO,NO,NA,"VOTE_VALID"
385,"KO","Apoloniusz","Tajner",NO,YES,NO,YES,NO,NO,YES,YES,"Leopold","VOTE_VALID"
386,"PiS","Krzysztof","Tchórzewski",YES,NO,YES,NO,YES,YES,NO,NO,NA,"VOTE_VALID"
387,"PiS","Robert","Telus",YES,NO,YES,NO,YES,YES,NO,NO,NA,"VOTE_VALID"
388,"PiS","Ryszard","Terlecki",YES,NO,YES,NO,YES,YES,NO,NO,"Iwon","VOTE_VALID"
389,"Lewica","Tadeusz","Tomaszewski",NO,YES,NO,YES,NO,NO,YES,YES,NA,"VOTE_VALID"
390,"PSL-TD","Jacek","Tomczak",NO,YES,NO,YES,NO,NO,YES,YES,"Jerzy","VOTE_VALID"
391,"Polska2050-TD","Wioleta","Tomczak",NO,YES,NO,YES,NO,NO,YES,YES,"Barbara","VOTE_VALID"
392,"KO","Cezary","Tomczyk",NO,YES,NO,YES,NO,NO,YES,YES,"Józef","VOTE_VALID"
393,"PSL-TD","Stanisław","Tomczyszyn",NO,YES,NO,YES,NO,NO,YES,YES,NA,"VOTE_VALID"
394,"KO","Małgorzata","Tracz",NO,YES,NO,YES,NO,NO,YES,YES,"Elżbieta","VOTE_VALID"
395,"Lewica","Tomasz","Trela",NO,YES,NO,YES,NO,NO,YES,YES,"Dominik","VOTE_VALID"
396,"KO","Krzysztof","Truskolaski",NO,YES,NO,YES,NO,NO,YES,YES,NA,"VOTE_VALID"
397,"Konfederacja","Krzysztof","Tuduj",NO,NO,NO,NO,NO,NO,NO,NO,NA,"VOTE_VALID"
398,"PiS","Sylwester","Tułajew",YES,NO,YES,NO,YES,YES,NO,NO,"Karol","VOTE_VALID"
399,"Konfederacja","Witold","Tumanowicz",NO,NO,NO,NO,NO,NO,NO,NO,"Sławomir","VOTE_VALID"
400,"KO","Donald","Tusk",NO,YES,NO,YES,NO,NO,YES,YES,"Franciszek","VOTE_VALID"
401,"Konfederacja","Stanisław","Tyszka",NO,NO,NO,NO,NO,NO,NO,NO,NA,"VOTE_VALID"
402,"Lewica","Katarzyna","Ueberhan",NO,YES,NO,YES,NO,NO,YES,YES,NA,"VOTE_VALID"
403,"KO","Jarosław","Urbaniak",NO,YES,NO,YES,NO,NO,YES,YES,"Piotr","VOTE_VALID"
404,"PiS","Piotr","Uruski",YES,NO,YES,NO,YES,YES,NO,NO,"Marcin","VOTE_VALID"
405,"PiS","Piotr","Uściński",YES,NO,YES,NO,YES,YES,NO,NO,NA,"VOTE_VALID"
406,"KO","Jarosław","Wałęsa",NO,YES,NO,YES,NO,NO,YES,YES,"Leszek","VOTE_VALID"
407,"PiS","Marcin","Warchoł",YES,NO,YES,NO,YES,YES,NO,NO,"Józef","VOTE_VALID"
408,"KO","Robert","Wardzała",NO,YES,NO,YES,NO,NO,YES,YES,"Marian","VOTE_VALID"
409,"PiS","Robert","Warwas",YES,NO,YES,NO,YES,YES,NO,NO,"Piotr","VOTE_VALID"
410,"PiS","Jan","Warzecha",YES,NO,YES,NO,YES,YES,NO,NO,"Marek","VOTE_VALID"
411,"PiS","Małgorzata","Wassermann",YES,NO,YES,NO,YES,YES,NO,NO,"Ewa","VOTE_VALID"
412,"Konfederacja","Michał","Wawer",NO,NO,NO,NO,NO,NO,NO,NO,"Jan","VOTE_VALID"
413,"PiS","Maciej","Wąsik",YES,NO,YES,NO,YES,YES,NO,NO,NA,"VOTE_VALID"
414,"KO","Marta","Wcisło",NO,YES,NO,YES,NO,NO,YES,YES,"Anna","VOTE_VALID"
415,"PiS","Rafał","Weber",YES,NO,YES,NO,YES,YES,NO,NO,NA,"VOTE_VALID"
416,"PiS","Marek","Wesoły",YES,NO,YES,NO,YES,YES,NO,NO,"Jacek","VOTE_VALID"
417,"Lewica","Joanna","Wicha",NO,YES,NO,YES,NO,NO,YES,YES,"Beata","VOTE_VALID"
418,"PiS","Patryk","Wicher",YES,NO,YES,NO,YES,YES,NO,NO,"Tomasz","VOTE_VALID"
419,"Lewica","Dariusz","Wieczorek",NO,YES,NO,YES,NO,NO,YES,YES,"Krzysztof","VOTE_VALID"
420,"PiS","Jarosław","Wieczorek",YES,NO,YES,NO,YES,YES,NO,NO,"Wiesław","VOTE_VALID"
421,"KO","Monika","Wielichowska",NO,YES,NO,YES,NO,NO,YES,YES,NA,"VOTE_VALID"
422,"Konfederacja","Ryszard","Wilk",NO,NO,NO,NO,NO,NO,NO,NO,"Jakub","VOTE_VALID"
423,"PiS","Teresa","Wilk",YES,NO,YES,NO,YES,YES,NO,NO,NA,"VOTE_VALID"
424,"Konfederacja","Przemysław","Wipler",NO,NO,NO,NO,NO,NO,NO,NO,"Janusz","VOTE_VALID"
425,"KO","Aleksandra","Wiśniewska",NO,YES,NO,YES,NO,NO,YES,YES,"Karolina","VOTE_VALID"
426,"KO","Adrian","Witczak",NO,YES,NO,YES,NO,NO,YES,YES,NA,"VOTE_VALID"
427,"KO","Mariusz","Witczak",NO,YES,NO,YES,NO,NO,YES,YES,"Sebastian","VOTE_VALID"
428,"PiS","Elżbieta","Witek",YES,NO,YES,NO,YES,YES,NO,NO,"Barbara","VOTE_VALID"
429,"KO","Przemysław","Witek",NO,YES,NO,YES,NO,NO,YES,YES,"Jarosław","VOTE_VALID"
430,"Polska2050-TD","Kamil","Wnuk",NO,YES,NO,YES,NO,NO,YES,YES,"Wiesław","VOTE_VALID"
431,"KO","Anna","Wojciechowska",NO,YES,NO,YES,NO,NO,YES,YES,NA,"VOTE_VALID"
432,"PiS","Agnieszka","Wojciechowska van Heukelom",YES,NO,YES,NO,YES,YES,NO,NO,"Krystyna","VOTE_VALID"
433,"PiS","Agata","Wojtyszek",YES,NO,YES,NO,YES,YES,NO,NO,"Katarzyna","VOTE_VALID"
434,"KO","Bogusław","Wołoszański",NA,NA,NA,NA,NA,NA,NA,NA,NA,"ABSENT"
435,"PiS","Michał","Woś",YES,NO,YES,NO,YES,YES,NO,NO,"Piotr","VOTE_VALID"
436,"PiS","Grzegorz","Woźniak",YES,NO,YES,NO,YES,YES,NO,NO,"Adam","VOTE_VALID"
437,"PiS","Tadeusz","Woźniak",YES,NO,YES,NO,YES,YES,NO,NO,"Jacek","VOTE_VALID"
438,"PiS","Michał","Wójcik",YES,NO,YES,NO,YES,YES,NO,NO,"Marek","VOTE_VALID"
439,"KO","Maciej","Wróbel",NO,YES,NO,YES,NO,NO,YES,YES,"Stanisław","VOTE_VALID"
440,"PiS","Bartłomiej","Wróblewski",YES,NO,YES,NO,YES,YES,NO,NO,"Piotr","VOTE_VALID"
441,"Polska2050-TD","Paweł","Zalewski",NO,YES,NO,YES,NO,NO,YES,YES,"Ksawery","VOTE_VALID"
442,"Lewica","Adrian","Zandberg",NO,YES,NO,YES,NO,NO,YES,YES,"Tadeusz","VOTE_VALID"
443,"Konfederacja","Andrzej","Zapałowski",NO,NO,NO,NO,NO,NO,NO,NO,"Tomasz","VOTE_VALID"
444,"KO","Bartosz","Zawieja",NO,YES,NO,YES,NO,NO,YES,YES,"Józef","VOTE_VALID"
445,"Lewica","Marcelina","Zawisza",NO,YES,NO,NO,NO,NO,YES,YES,"Monika","VOTE_VALID"
446,"PiS","Sławomir","Zawiślak",YES,NO,YES,NO,YES,YES,NO,NO,NA,"VOTE_VALID"
447,"KO","Bogdan","Zdrojewski",NO,YES,NO,YES,NO,NO,YES,YES,"Andrzej","VOTE_VALID"
448,"KO","Witold","Zembaczyński",NO,YES,NO,YES,NO,NO,YES,YES,"Maciej","VOTE_VALID"
449,"PSL-TD","Piotr","Zgorzelski",NO,YES,NO,YES,NO,NO,YES,YES,NA,"VOTE_VALID"
450,"PSL-TD","Zbigniew","Ziejewski",NO,YES,NO,YES,NO,NO,YES,YES,NA,"VOTE_VALID"
451,"KO","Urszula","Zielińska",NO,YES,NO,YES,NO,NO,YES,YES,"Sara","VOTE_VALID"
452,"PiS","Jarosław","Zieliński",YES,NO,YES,NO,YES,YES,NO,NO,NA,"VOTE_VALID"
453,"PiS","Tomasz","Zieliński",YES,NO,YES,NO,YES,YES,NO,NO,"Andrzej","VOTE_VALID"
454,"PSL-TD","Jolanta","Zięba-Gzik",NO,YES,NO,YES,NO,NO,YES,YES,NA,"VOTE_VALID"
455,"Polska2050-TD","Tomasz","Zimoch",NO,YES,NO,YES,NO,NO,YES,YES,"Franciszek","VOTE_VALID"
456,"PiS","Zbigniew","Ziobro",YES,NO,YES,NO,YES,YES,NO,NO,"Tadeusz","VOTE_VALID"
457,"PiS","Wojciech","Zubowski",YES,NO,YES,NO,YES,YES,NO,NO,"Michał","VOTE_VALID"
458,"PiS","Ireneusz","Zyska",YES,NO,YES,NO,YES,YES,NO,NO,NA,"VOTE_VALID"
459,"PSL-TD","Bożena","Żelazowska",NO,YES,NO,YES,NO,NO,YES,YES,"Jadwiga","VOTE_VALID"
460,"Lewica","Anna","Żukowska",NO,YES,NO,YES,NO,NO,YES,YES,"Maria","VOTE_VALID"
